uid,wav_path,reference,greedy_pred,greedy_cer,greedy_wer,beam_pred,beam_cer,beam_wer,kenlm_def_pred,kenlm_def_cer,kenlm_def_wer,kenlm_soft_pred,kenlm_soft_cer,kenlm_soft_wer,sra_pred,sra_wer,ind_pred,ind_wer
sample_00000,D:\marathi-asr\data\vistaar_benchmarks\indictts\marathi\wavs\train_marathimale_0991.wav,म्हणुनच महाराच बिरुद मी मानान वागवल,म्हणूनच महाराच बिरूध मी मानानं वाढवला,17.14,66.67,म्हणूनच महाराच बिरूध मी मानानं वाढवला,17.14,66.67,म्हणूनच महाराचबिरूध मी मानानवाढवला,20.0,83.33,म्हणूनच महाराच बिरूद मी मानानं वाढवला,14.29,66.67,म्हणूनच महाराचं विरोध मी मानानं वागवलं,83.33,म्हणूनच महाराचं बिरूद मी मानानं वागवलं,83.33
sample_00001,D:\marathi-asr\data\vistaar_benchmarks\indictts\marathi\wavs\train_marathimale_0557.wav,"स्वर्णाचारीने घाबरण्याचं नाटक करत म्हटलं, 'नायकजी, मला सिंहाचा आहार बनवण्यासाठी त्याच्यापुढे फेकून द्या!",स्वरणा चारीने खाबरण्याचा नाटक करत म्हटल नायकजी मला सिवहाचा आहार बनवण्यासाठी त्याच्यापुढे फेकून द्या,6.0,38.46,स्वरणा चारीने खाबरण्याचा नाटक करत म्हटल नायकजी मला सिवहाचा आहार बनवण्यासाठी त्याच्यापुढे फेकून द्या,6.0,38.46,"स्वरणाचारीने घाबरण्याचा नाटक करत म्हटलं नायजी,मला सिंह चा आहार बनवण्यासाठी त्याच्या पुढे फेकून द्या",5.0,53.85,स्वरणा चारी ने खा भरण्याच नाटक करत म्हटल नाय जी मला सिंह चा आहार बनवण्यासाठी त्याच्या पुढे फेकून द्या,11.0,92.31,स्वर्णाचारीने घाबरण्याचं नाटक करत म्हटलं नायकजी मला सिंहाचा आहार बनवण्यासाठी त्याच्या पुढे फेकून द्या,15.38,स्वर्णाचारीने घाबरण्याचं नाटक करत म्हटलं नायकजी मला सिंहाचा आहार बनवण्यासाठी त्याच्यापुढे फेकून द्या,0.0
sample_00002,D:\marathi-asr\data\vistaar_benchmarks\indictts\marathi\wavs\train_marathifemale_01872.wav,"घोडयावरून खाली उतरताना घोडेस्वार वृध्दाला म्हणाला, बाबा एवढया कडाक्याच्या थंडीत नदी कडेला तुम्ही किती वेळ बसला होतात.",मोड्यावरून खाली उतरताना घोडेश्वार ृरद्ाला म्हणाला बाबा एवढह्या कडाक्याच्या थंडीत नदीकडेला तुम्ही कितीवेळ बसला होतात,9.57,47.06,मोड्यावरून खाली उतरताना घोडेश्वार ृरद्ाला म्हणाला बाबा एवढह्या कडाक्याच्या थंडीत नदीकडेला तुम्ही कितीवेळ बसला होतात,9.57,47.06,गोड्या वरून खाली उतरताना घोडे वाढ प्रदान म्हणाला बाबा एवढा कडा त्याच्या थंडीत नदी कडेला तुम्ही किती वेळ बसला होतात,13.04,47.06,गोड्या वरून खाली उतर ताना घोडे स्वार प्रदान म्हणाला बाबा एवढा कडा त्याच्या थंडीत नदी कडेला तुम्ही किती वेळ बसला होतात,12.17,58.82,घोड्यावरून खाली उतरताना घोडेस्वार वृद्धाला म्हणाला बाबा एवढ्या कडाक्याच्या थंडीत नदीकडेला तुम्ही किती वेळ बसला होतात,29.41,घोड्यावरून खाली उतरताना घोडेस्वार वृद्धधाला म्हणाला बाबा एवढ्या कडाक्याच्या थंडीत नदीकडेला तुम्ही किती वेळ बसला होतात,29.41
sample_00003,D:\marathi-asr\data\vistaar_benchmarks\indictts\marathi\wavs\train_marathimale_0105.wav,ह्यात काही विशेष असेल तर सांगण्याची कृपा करावी.,यात काही विशेष असेल तर चांगण्याची रूपा करावी,10.87,37.5,यात काही विशेष असेल तर चांगण्याची रूपा करावी,10.87,37.5,यात काही विशेष असेल तर सांगण्याची कृपा करावे,6.52,25.0,यात काही विशेष असेल तर सांगण्याची रुपया करावी,10.87,25.0,यात काही विशेष असेल तर सांगण्याची कृपा करावी,12.5,यात काही विशेष असेल तर सांगण्याची कृपा करावी,12.5
sample_00004,D:\marathi-asr\data\vistaar_benchmarks\indictts\marathi\wavs\train_marathifemale_00100.wav,त्याचाशी बोलत असतानाच अचानक खांद्यावर भक्कम अशी थाप पडली.,त्याच्याशी बोलत असतानाच अजयानत खां्यावर भक्कम अशीत थाप पडले,14.29,55.56,त्याच्याशी बोलत असतानाच अज्यानत खां्यावर भक्कम अशीत थाप पडले,16.07,55.56,त्याच्याशी बोलत असतानाच अचानक खाल्यावर भक्कम अशी खा पडले,12.5,44.44,त्याच्याशी बोलत असतानाच अजयानत खाल्यावर भक्कम अशी छाप पडले,16.07,55.56,त्याच्याशी बोलत असतानाच अचानक खांद्यावर भक्कम अशी थाप पडली,11.11,त्याच्याशी बोलत असतानाच अचानक खांद्यावर भक्कम अशी थाप पडली,11.11
sample_00005,D:\marathi-asr\data\vistaar_benchmarks\indictts\marathi\wavs\train_marathifemale_02600.wav,ह्या झाडाची क्विना-क्विना नावाची साले विषारी मानली जातात.,ह्या झाडाची क्विना कविणा नावाची साले विषारी मानली जातात,3.57,11.11,ह्या झाडाची क्विना विणा नावाची साले विषारी मानली जातात,5.36,11.11,ह्या झाडाची विना विना नावाची साल विषारी मानली जातात,8.93,33.33,ह्या झाडाची विना विना नावाची चाले विषारी मानली जातात,8.93,33.33,ह्या झाडाची क्विना क्विना नावाची साले विषारी मानली जातात,0.0,ह्या झाडाची क्विना क्विना नावाची साले विषारी मानली जातात,0.0
sample_00006,D:\marathi-asr\data\vistaar_benchmarks\indictts\marathi\wavs\train_marathimale_3036.wav,त्याप्रमाणे ती मुले एकेक काठी घेऊन आली.,त्याप्रमाणे तीमुले एथेक काठी घेवऊन ाले,13.16,71.43,त्याप्रमाणे तीमुले एथेक काठी घेवऊन ाले,13.16,71.43,त्याप्रमाणे ती मुले एक काठी घेऊन आले,7.89,28.57,त्या प्रमाणे ती मुले एक काठी घेऊन आले,10.53,57.14,त्याप्रमाणे ती मुले एक एक काठी घेऊन आली,28.57,त्याप्रमाणे ती मुले एके एक काठी घेऊन आली,28.57
sample_00007,D:\marathi-asr\data\vistaar_benchmarks\indictts\marathi\wavs\train_marathifemale_00756.wav,भगवान विष्णू प्रसन्न होऊन ’तू परमपदाला पोचशील’ असा वर दिला.,नगवानभेशणू प्रसनन होऊन तू परमपदाला पोचशील असा बर दिला,14.29,40.0,नगवान भेशणू प्रसनन होऊन तू परमपदाला पोचशील असा बर दिला,12.5,40.0,नगवानभेशणू प्रसहोऊन तो परमपदालापोचशील असा भर दिला,23.21,80.0,नगवान भेशणू प्रसहोऊन तू परम पदाला पोच शेल असा बर दिला,23.21,90.0,भगवान विष्णू प्रसन्न होऊन तू परमपदाला पोचशील असा वर दिला,0.0,भगवान विष्णू प्रसन्न होऊन तू परमपदाला पोचशील असा वर दिला,0.0
sample_00008,D:\marathi-asr\data\vistaar_benchmarks\indictts\marathi\wavs\train_marathimale_4870.wav,त्याला नदी पार करायची होती तेवढयात त्याला घोडयांच्या टापांचा आवाज ऐकू आला,त्याला नधी पारकारायचे होती पेवढ्यात त्याला घोड्यांच्या टापांचा आभा सयकवाला,19.18,66.67,त्याला नधी पारकारायचे होती पेवढ्यात त्याला घोड्यांच्या टापांचा आभा ायकवाला,19.18,66.67,त्याला नदी पार करायची होती तेवढा त्याला घोड्यांच्या टापांचा आवास यक वाला,10.96,41.67,त्याला नदी पार करायचे होती तेवढया त्याला घोड्यांच्या टापांचा आवास यक वाला,10.96,50.0,त्याला नदी पार करायची होती तेवढ्यात त्याला घोड्यांच्या टापांचा आवाज ऐकू आला,16.67,त्याला नदी पार करायची होती तेवढ्यात त्याला घोडयाच्या टापांचा आवाज ऐकू आला,16.67
sample_00009,D:\marathi-asr\data\vistaar_benchmarks\indictts\marathi\wavs\train_marathifemale_00152.wav,"मान खाली घालुन तसाच पुढे गेलो, काय आश्चर्य स्वर्गात मला औरंगजेब भेटला, म्हणे काफरांना मारुनच तर स्वर्ग गाठला.",मानखाली घालून तसाच पुढे गेलो काय आश्चरय सर्गात मला अवरंगचे भेटला म्हणे कापराना मारूनच तरसवर्गगाठला,14.15,61.11,मानखाली घालून तसाच पुढे गेलो काय आश्चरय स्र्गात मला अवरंगचे भेटला म्हणे कापराना मारूनच तर सवर्गगाठला,12.26,55.56,मान खाली घालून तसाच पुढे गेलो काय आश्रयसर्गात मला अवरंगचेभेटला म्हणे कारन मारून तर स्वर्गगाठला,16.98,50.0,मान खाली घालून तसाच पुढे गेलो काय आश्चर्य सर्गात मला अवरंगचे भेटला म्हणे कापा ना मारून तर स्वर्ग गाठला,11.32,33.33,मान खाली घालून तसाच पुढे गेलो काय आश्चर्य स्वर्गात मला औरंगजेब भेटला म्हणे काफरांना मारूनच तर स्वर्ग गाठला,11.11,मान खाली घालून तसाच पुढे गेलो काय आश्चर्य स्वर्गात मला औरंगजेब भेटला म्हणे काफरांना मारूनच तर स्वर्ग गाठला,11.11
sample_00010,D:\marathi-asr\data\vistaar_benchmarks\indictts\marathi\wavs\train_marathimale_0246.wav,श्वेत रंग उत्तम स्वभाव व विवेकाचा द्योतक आहे.,श्वेत्रंगा उत्तम सभा मविरेकाचा जीवतक आहे,27.27,75.0,श्वेत्रंगा उत्तम सभाव मविरेकाचा जीवतक आहे,25.0,75.0,श्वेत्रंगा उत्तम सभा भविरेकाचा जीवतक आहे,27.27,75.0,श्वेत्रंगा उत्तम सभा भविरेकाचा जीवतक आहे,27.27,75.0,श्वेतरंग उत्तम स्वभाव व विवेकाचा द्योतक आहे,25.0,श्वेतरंग उत्तम स्वभाव व विवेकाचा द्योतक आहे,25.0
sample_00011,D:\marathi-asr\data\vistaar_benchmarks\indictts\marathi\wavs\train_marathimale_4088.wav,भिल्ल वगैरे जातींची लहान लहान राज्ये होती.,भिल्ल वगरे जातींची लहान लहान राज्य होते,7.32,42.86,भिल्ल वगरे जातींची लहान लहान राज्य होते,7.32,42.86,भिन्न वगैरे जातींची लहान लहान राज्य होते,9.76,42.86,बिल्ल वगैरे जातींची लहान लहान राज्य होते,7.32,42.86,भिल्लो वगैरे जातींची लहान लहान राज्ये होती,14.29,भिल्ल वगैरे जातींची लहान लहान राज्ये होती,0.0
sample_00012,D:\marathi-asr\data\vistaar_benchmarks\indictts\marathi\wavs\train_marathifemale_00757.wav,"ईश्वरदर्शनाने प्रल्हादाचा अहंकार गळाला, तो शांत, सुखी, समाधीस्थित झाला.",इश्वर दर्शनाने प्रल्ाराचा अहंकार गळाला तोशांत सुखी समाहेस थेत झाला,13.43,77.78,इश्वर दर्शनाने प्रल्ाराचा अहंकार गळाला तोशांत सुखी समाहेस थेत झाला,13.43,77.78,इश्वरदर्शनाने प्रलराचा हंगारगळाला तो शांत सुखी समावेश खेत झाला,20.9,66.67,इश्वर दर्शनाने प्रलराचा हंगार गळाला तो शांत सुखी समावेश खत झाला,20.9,66.67,ईश्वर दर्शनाने प्रह्लादाचा अहंकार गळाला तो शांत सुखी समाधीस्थित झाला,33.33,ईश्वरदर्शनाने प्रल्हादाचा अहंकार गळाला तो शांत सुखी समाधीस्थित झाला,0.0
sample_00013,D:\marathi-asr\data\vistaar_benchmarks\indictts\marathi\wavs\train_marathimale_1397.wav,आपण जेंव्हा परप्रांतात काही काळासाठी जातो व सतत जेंव्हा ती परप्रांतीय अनोळखी भाषा कानावर पडू लागते.,आपण जेवा परप्रांतात काही काळासाठी जातो व्सतत जेवहती परकप्रांतीय अनुळची भाशा कानावर पडू लागते,12.24,50.0,आपण जेवा परप्रांतात काही काळासाठी जातो वसतत जेवहती परकप्रांतीय अनुळची भाशा कानावर पडू लागते,12.24,50.0,आपण सेवा परप्रांतात काही काळासाठी जातो बसता जीव ती परप्रांतीय अनुळची भाषा कानावर पडू लागते,14.29,31.25,आपण सेवा पर प्रांतात काही काळासाठी जातो वसतत जेवती परप्रांतीय अनोळखी भाषा कानावर पडू लागते,11.22,43.75,आपण जेव्हा परप्रांतात काही काळासाठी जातो व सतत जेव्हा ती परप्रांतीय अनोळखी भाषा कानावर पडू लागते,12.5,आपण जेव्हा परप्रांतात काही काळासाठी जातो व सतत जेव्हां ती परप्रांतीय अनोळखी भाषा कानावर पडू लागते,12.5
sample_00014,D:\marathi-asr\data\vistaar_benchmarks\indictts\marathi\wavs\train_marathimale_4861.wav,कोणी मला खाल्ले तर त्याचे पोट देखील भरणार नाही.,कोळी मला खाल्ले तर त्याचे पोठ देखील भरणार नाही,4.35,22.22,कोळी मला खाल्ले तर त्याचे पोठ देखील भरणार नाही,4.35,22.22,कोणी मला खाल्ले तर त्याचे पोट देखील भरणारनाही,2.17,22.22,कोणी मला खाल्ले तर त्याचे पोट देखील भरणार नाही,0.0,0.0,कोणी मला खाल्ले तर त्याचे पोट देखील भरणार नाही,0.0,कोणी मला खाल्ले तर त्याचे पोटदेखील भरणार नाही,22.22
sample_00015,D:\marathi-asr\data\vistaar_benchmarks\indictts\marathi\wavs\train_marathifemale_01208.wav,"या आजूबाजूच्या सृष्टीतून काय शिकावे, हे आईबापच शिकवतात.",या आजूबाजूच्या सुरष्टीतून काय शितावे हे आईबापच शिकवतात,5.66,25.0,या आजूबाजूच्या सुरष्टीतून काय शितावे हे आईबापच शिकवतात,5.66,25.0,या आजूबाजूच्या सुरष्टीतून काय शेतावे हे आई बाबत शिकवतात?,13.21,50.0,या आजूबाजूच्या सुरष्टीतून काय शेतावे हे आईबापच शिकवतात,7.55,25.0,या आजूबाजूच्या सृष्टीतून काय शिकावे हे आईबापच शिकवतात,0.0,या आजूबाजूच्या सृष्टीतून काय शिकावे हे आईबापच शिकवतात,0.0
sample_00016,D:\marathi-asr\data\vistaar_benchmarks\indictts\marathi\wavs\train_marathifemale_00660.wav,"त्या पिशवीत प्रियंगू, पिंपळी, तांदूळ आणि अधिकता नावाचे धान्य भरले होते.",यापिश्वेत प्रियंबू पेंपळी तांदूळ आणि अधिकता नावाचे धान्य भरले होते,10.29,36.36,यापिश्वेत प्रियंबू पेंपळी तांदूळ आणि अधिकता नावाचे धान्य भरले होते,10.29,36.36,या पिशवीत प्रभू पिंडी तांदूळ आणि अधिक ता नावाचे धान्य भरले होते,13.24,45.45,या पिशवीत प्रिंबू पिंपळी तांदूळ आणि अधिक ता नावाचे धान्य भरले होते,7.35,36.36,त्या पिशवीत प्रियंगू पिंपळी तांदूळ आणि अधिकता नावाचे धान्य भरले होते,0.0,त्या पिशवीत प्रियंगू पिंपळी तांदूळ आणि अधिकता नावाचे धान्य भरले होते,0.0
sample_00017,D:\marathi-asr\data\vistaar_benchmarks\indictts\marathi\wavs\train_marathimale_0204.wav,मला काहीच माहीत नसताना हा माझा मुलगा म्हणतेस,मला काहीच माहित नसताना हा माझा मुलगा म्हणतेस,2.27,12.5,मला काहीच माहित नसताना हा माझा मुलगा म्हणतेस,2.27,12.5,मला काहीच माहित नसताना हा माझा मुलगा म्हणत,6.82,25.0,मला काहीच माहित नसताना हा माझा मुलगा म्हणतेस,2.27,12.5,मला काहीच माहीत नसताना हा माझा मुलगा म्हणतेच,12.5,मला काहीच माहीत नसताना हा माझा मुलगा म्हणतेस,0.0
sample_00018,D:\marathi-asr\data\vistaar_benchmarks\indictts\marathi\wavs\train_marathifemale_02136.wav,"गुरूजी हर्षलला म्हणाले, जपून ठेवण्याचा खरा अर्थ गौतमला उमगला.",गुरजी हर्शलला म्हणाले जपून ठेवण्याचा खरा अर्थ गवतमला उमगला,5.08,33.33,गुरजी हर्शलला म्हणाले जपून ठेवण्याचा खरा अर्थ गवतमला उमगला,5.08,33.33,बुरशी हर्षद म्हणाले जपून ठेवण्याचा खरा अर्थ गवताला उमगला,13.56,33.33,बुरशी हर्शलल म्हणाले जपून ठेवण्याचा खरा अर्थ गवतमला उमगला,10.17,33.33,गुरुजी हर्षलला म्हणाले जपून ठेवण्याचा खरा अर्थ गौतमला उमगला,11.11,गुरुजी हर्षलला म्हणाले जपून ठेवण्याचा खरा अर्थ गौतमला उमगला,11.11
sample_00019,D:\marathi-asr\data\vistaar_benchmarks\indictts\marathi\wavs\train_marathimale_0649.wav,तुला योग्य मार्गावर आणणं माझं कर्तव्य आहे.,तुला योग्य मार्गाबरांन माझ करत व्या आहे,24.39,57.14,तुला योग्य मार्गाबरांन माझ करत व्या आहे,24.39,57.14,तुला योग्य मार्गावर माझ कर्तव्य आहे,14.63,28.57,तुला योग्य मार्गावर आन माझ कर्तव्य आहे,9.76,28.57,तुला योग्य मार्गावर आणणं माझं कर्तव्य आहे,0.0,तुला योग्य मार्गावर आणणं माझं कर्तव्य आहे,0.0
sample_00020,D:\marathi-asr\data\vistaar_benchmarks\indictts\marathi\wavs\train_marathifemale_03265.wav,पण या पध्दती खर्चिक आणि धोकादायकही आहेत.,पण या पद्धती खर्चे आणि धोका दायक आहे आहे,23.08,85.71,पण या पद्धती खर्चे आणि धोका दायक हे आहे,20.51,85.71,पण या पद्धती खर्चे आणि धोकादायक आहे आहे,20.51,71.43,पण या पद्धती खर्चे आणि धोकादायक हे आहे,17.95,71.43,पण या पद्धती खर्चिक आणि धोकादायकही आहेत,14.29,पण या पद्धती खर्चिक आणि धोकादायकही आहेत,14.29
sample_00021,D:\marathi-asr\data\vistaar_benchmarks\indictts\marathi\wavs\train_marathifemale_00798.wav,"वसुबारस ह्याचा अर्थ- वसु म्हणजे द्रव्य, धन, त्यासाठी असलेली बारस म्हणजे द्वादशी.",बशुबारस ह्याचा अर्ठ बसू म्हणजे द्रब्य धन त्यासाठी असलेली बारस म्हणजे द्वादशे,9.21,41.67,बशुबारस ह्याचा अर्ठ बसू म्हणजे द्रब्य धन त्यासाठी असलेली बारस म्हणजे द्वादशे,9.21,41.67,वसुबारस याचा अर्थ वसु म्हणजे द्रव्य धन त्यासाठी असलेली बारस म्हणजे द्वादशी,2.63,8.33,वसुबारस ह्याचा अर्थ वसु म्हणजे द्रव्य धन त्यासाठी असलेली बारस म्हणजे द्वादशे,1.32,8.33,वसु बारस ह्याचा अर्थ वसू म्हणजे द्रव्य धन त्यासाठी असलेली बारस म्हणजे द्वादशी,25.0,वसुबारस ह्याचा अर्थ वसू म्हणजे द्रव्य धन त्यासाठी असलेली बारस म्हणजे द्वादशी,8.33
sample_00022,D:\marathi-asr\data\vistaar_benchmarks\indictts\marathi\wavs\train_marathimale_2000.wav,तसेच ब्रॉंकोसॅन सिरप देण्यास सुरुवात करावी.,तसेच ब्रॉकोसॅनस सिरब देण्यास सुरूवात करावी,9.52,50.0,तसेच ब्रॉकोसॅन सिरब देण्यास सुरूवात करावी,7.14,50.0,तसेच ब्रॉकोसॅनससिरब देण्यास सुरुवात करावी,7.14,33.33,तसेच ब्रॉकोसॅन् सिरप देण्यास सुरुवात करावी,4.76,16.67,तसेच ब्रोकोसॅन सिरप देण्यास सुरुवात करावी,16.67,तसेच ब्रॉकोसॅन सिरप देण्यास सुरुवात करावी,16.67
sample_00023,D:\marathi-asr\data\vistaar_benchmarks\indictts\marathi\wavs\train_marathifemale_03338.wav,"जन्म चोवीस-बारा-अठरा शे अठरा, मृत्यू अकरा-दहा-अठरा शे एकोणनव्वद",जन्म चोवीस बारा अठराशे अठरा म्रत्त्य अकरा दहा अठराश एकं नवत,20.97,50.0,जन्म चोवीस बारा अठराशे अठरा म्रत्य अकरा दहा अठराश एकं नवत,17.74,50.0,जन्म चोवीस बारा अठराशे अठरा मृत्यू अकरा दहा अठराशे एक नव,11.29,41.67,जन्म चोवीस बारा अठराशे अठरा मृत्यू अकरा दहा अठराशे एक नव,11.29,41.67,जन्म चोवीस बारा अठराशे अठरा मृत्यू अकरा दहा अठराशे एकोणनव्वद,33.33,जन्म चोवीस बारा अठराशे अठरा मृत्यू अकरा दहा अठराशे एकोणनव्वद,33.33
sample_00024,D:\marathi-asr\data\vistaar_benchmarks\indictts\marathi\wavs\train_marathifemale_02047.wav,"हे कसं शक्य आहे, डोळे दिले तर मी काहींच करू शकणार नाही, भिकारी म्हणाला.",हे कस शक्य आहे डोय बिले तर मी काहेच करू शकार नाही विकारी म्हणाला,11.76,42.86,हे कस शक्य आहे डोय बिले तर मी काहेच करू शकार नाही विकारी म्हणाला,11.76,42.86,हे कस शक्य आहे डोळे दिले तर मी काहीच करु शकणार नाही विकारी म्हणाला,5.88,28.57,हे कस शक्य आहे डोळे बिले तर मी का हेच करु शकणार नाही विकारी म्हणाला,10.29,42.86,हे कसं शक्य आहे डोळे दिले तर मी काहीच करू शकणार नाही भिकारी म्हणाला,7.14,हे कसं शक्य आहे डोळे दिले तर मी काहीच करू शकणार नाही भिकारी म्हणाला,7.14
sample_00025,D:\marathi-asr\data\vistaar_benchmarks\indictts\marathi\wavs\train_marathifemale_02733.wav,हे औषध जर बैलाच्या दुधातून घेतले तरच परिणामकारक ठरेल.,हे औषध जरबैलाच्या दुधातून घेतले तरज परिणाम कारक ठरेल,5.77,55.56,हे औषध जर बैलाच्या दुधातून घेतले तरज परिणाम कारक ठरेल,3.85,33.33,हे औषध जर बैलाच्या दुधातून घेतलं तरच परिणामकारक ठरेल,1.92,11.11,हे औषध जर बैलाच्या दुधातून घेतलय तरच परिणाम कारक ठरेल,3.85,33.33,हे औषध जर बैलाच्या दुधातून घेतले तरच परिणामकारक ठरेल,0.0,हे औषध जर बैलाच्या दुधातून घेतले तरच परिणामकारक ठरेल,0.0
sample_00026,D:\marathi-asr\data\vistaar_benchmarks\indictts\marathi\wavs\train_marathifemale_02898.wav,क्वागा मार्गदर्शक होती तर चिनी हत्ती माझ्याबरोबर एकतर्फी संवाद करीत होता.,कॉगा मार्गदर्शक होती तर चिनी ह्ती माझ्याबरोबर एकतरफ्री समात करीत होता,12.5,36.36,कॉगा मार्गदर्शक होती तर चिनी ह्ती माझ्याबरोबर एकतर फ्री समात करीत होता,13.89,45.45,करा मार्गदर्शक होती तर चिनी हत्ती माझ्या बरोबर एक तर फ्री समाधकरीत होता,18.06,63.64,करा मार्गदर्शक होती तर चिनी हत्ती माझ्या बरोबर एक तर फ्री समाध करीत होता,16.67,63.64,क्वागा मार्गदर्शक होती तर चिनी हत्ती माझ्याबरोबर एकतर्फी संवाद करीत होता,0.0,क्वागा मार्गदर्शक होती तर चिनी हत्ती माझ्याबरोबर एकतर्फी संवाद करीत होता,0.0
sample_00027,D:\marathi-asr\data\vistaar_benchmarks\indictts\marathi\wavs\train_marathifemale_04485.wav,"कथाशिल्प बळी, कॅटवॉक, अनिकेतअश्वत्थ, कृष्णविवर जाम आवडले.",कथाशुल्प बडी टॅटवक अनिकेत अश्वत्थ कृष्नव्वर ज्यान आवडले,18.87,100.0,कथाशुल्प बडी टॅटवक अनिकेत अश्वत्थ कृष्नव्वर ज्यान आवडले,18.87,100.0,कथाशुल्पबडी टाटा अनिकेतअश्व्थ कृष्णव्वर ज्या आवडले,24.53,85.71,कथा शिल्प बडी टॅटवक अनिकेत अश्वत्थ कृष्ण विवर ज्या आवडले,16.98,128.57,कथाशिल्प बळी कॅटवॉक अनिकेत अश्वत्थ कृष्णविवर जाम आवडले,28.57,कथाशिल्प बळी कॅटवॉक अनिकेत अश्वत््थ कृष्णविवर जा्याम आवडले,42.86
sample_00028,D:\marathi-asr\data\vistaar_benchmarks\indictts\marathi\wavs\train_marathimale_4624.wav,एका दिवसात अचानक त्याला खूप मित्रमैत्रिणी मिळाल्या होत्या.,एका दिवसाताच्ानक त्या खूप मित्र महित्रणी मिळालया होत्या,17.54,75.0,एका दिवसात च्ानक त्या खूप मित्र महित्रणी मिळालया होत्या,15.79,62.5,एका दिवसात अचानक त्या खूप मित्र मैत्रीण मिळाल्या होत्या,8.77,37.5,एका दिवसात अचानक त्या खूप मित्र मैत्रणी मिळाल्या होत्या,7.02,37.5,एका दिवसात अचानक त्याला खूप मित्रमैत्रिणी मिळाल्या होत्या,0.0,एका दिवसात अचानक त्याला खूप मित्रमैत्रिणी मिळाल्या होत्या,0.0
sample_00029,D:\marathi-asr\data\vistaar_benchmarks\indictts\marathi\wavs\train_marathifemale_01654.wav,"खाऊ, पुस्तक, खेळ असे काही सुध्दा आपल्या मित्र-मैत्रिणींबरोबर शेअर करायची नाही, उलट त्यांच्यावर दादागिरी करायची.",हाऊ पुस्टक हे असे काही सुद्धःा आपल्या वित्र मायट्रडिंन बरोबर शयर करायची नाही फुलट त्यांच्यावर दादादिरी करायची,18.69,62.5,हाऊ पुस्टक हे असे काही सुद्धःा आपल्या वित्र मायट्रडिंन बरोबर शयर करायची नाही फुलट त्यांच्यावर दादादिरी करायची,18.69,62.5,हाऊ पुस्तक हे असे काही सुद्धा आपल्या मित्र मायक्रडिंबरोबर शेअर करायची नाही पुल त्यांच्यावर दादा गिरीकरायची,14.95,43.75,हाऊ पुस्तक हे असे काही सुद्धा आपल्या मित्र माय ट्रेडिंग बरोबर शेयर करायची नाही फुल त्यांच्यावर दादा गिरी करायची,17.76,62.5,खाऊ पुस्तक खेळ असे काहीसुद्धा आपल्या मित्रमैत्रिणींबरोबर शेअर करायची नाही उलट त्यांच्यावर दादागिरी करायची,25.0,खाऊ पुस्तक खेळ असे काहीसुद्धा आपल्या मित्रमैत्रिणींबरोबर शेअर करायची नाही उलट त्यांच्यावर दादागिरी करायची,25.0
sample_00030,D:\marathi-asr\data\vistaar_benchmarks\indictts\marathi\wavs\train_marathifemale_03532.wav,"तापाबरोबर ठिकठिकाणच्या रसग्रंथी मान काख, जांघ सुजतात व थोडया दुख-याही असतात.",तापा बरोबर फेक्टिकांच्या रसगरंथी मानका जाम सुसतात व थोड्या दुक्याही असतात,20.27,83.33,तापा बरोबर फेक्टिकांच्या रसगरंथी मान का जाम सुसतात व थोड्यात दुक्याही असतात,20.27,83.33,"कापा बरोबर फेकटिकांच्या सगळंी,मानका जाम सुसतवथोड्यात दुकाही असतात",32.43,91.67,कापा बरोबर फेकटिकांच्या सगळं ठी मान का जाम सुसत थोड्या दुकाही असतात,31.08,91.67,तापाबरोबर ठिकठिकाणच्या रसग्रंथी मान काख जांघ सुजतात व थोड्या दुखऱ्याही असतात,25.0,तापाबरोबर ठिकठिकाणच्या रसग्रंथी मान काख जांघ सुजतात व थोड्या दुखऱ्याही असतात,25.0
sample_00031,D:\marathi-asr\data\vistaar_benchmarks\indictts\marathi\wavs\train_marathimale_0933.wav,निर्वीकारपणे माघारी बुरसटलेल्या पाच पावलान सारखं,निर्विकार पणे माघारी बुरसटलेल्या पाच पावलान सारख,6.25,50.0,निर्विकार पणे माघारी बुरसटलेल्या पाच पावलान सारख,6.25,50.0,निर्विकार पणे मारी बुरसटलेल्या पाच पावलं सारखं,12.5,66.67,निर्वी कार पणे मारी बुरसटलेल्या पाच पावलान सारखं,8.33,66.67,निर्विकारपणे माघारी बुरसटलेल्या पाच पावलांसारखं,50.0,निर्विकारपणे माघारी बुरसटलेल्या पाच पावलांसारखं,50.0
sample_00032,D:\marathi-asr\data\vistaar_benchmarks\indictts\marathi\wavs\train_marathimale_0722.wav,मी अगोदर पुढे गेलो तर त्याचा किती प्रकारांनी लाभ होईल!,मी अगूदर पोठे गेलो तर त्याचा किती प्रकारांनी लाभ होई ?,7.55,30.0,मी अगूदर पोठे गेलो तर त्याचा किती प्रकारांनी लाभ होई ?,7.55,30.0,मी अगोदर पुढे गेलो तर त्याचा किती प्रकारांनी लाभ होई ?,1.89,10.0,मी अगोदर पुढे गेलो तर त्याचा किती प्रकारांनी लाभ होई ?,1.89,10.0,मी अगोदर पुढे गेलो तर त्याचा किती प्रकारांनी लाभ होईल,0.0,मी अगोदर पुढे गेलो तर त्याचा किती प्रकारांनी लाभ होईल,0.0
sample_00033,D:\marathi-asr\data\vistaar_benchmarks\indictts\marathi\wavs\train_marathimale_2328.wav,"रेल्वेच्या सूत्रांनी सांगितल, की रेल्वेत पूर्वी लोखंडी बीडाचे ब्रेक असायचे.",रेलवेच्या सूतरांनी सांगितल केरेलवेत पूर्वी लोखंडी बिडाचे ब्रे कसायचे,10.96,70.0,रेलवेच्या सूतरांनी सांगितल केरेलवेत पूर्वी लोखंडी बिडाचे ब्रे कसायचे,10.96,70.0,रेल्वे च्या सूत्रांनी सांगितल केलेले पूर्वी लोखंड बीटा चे ब्रेकसायचे?,16.44,80.0,रेल्वे च्या सूतरांनी सांगितल केलेले पूर्वी लोखंड बिडाचे ग्रे सायचे,17.81,90.0,रेल्वेच्या सूत्रांनी सांगितलं की रेल्वेत पूर्वी लोखंडी बिडाचे ब्रेक असायचे,20.0,रेल्वेच्या सूत्रांनी सांगितलं की रेल्वेत पूर्वी लोखंडी बिडाचे ब्रेक असायचे,20.0
sample_00034,D:\marathi-asr\data\vistaar_benchmarks\indictts\marathi\wavs\train_marathifemale_02293.wav,असे प्रेमाने सांगत तिने मनाशी निश्चय केला की राजाने वचन दिल्याप्रमाणे वर दिले नाहीत.,अस प्रिमाने सांगत तीने म्हनाशी निश्चय केला तिराज्यान वचन दिल्या प्रमाणे वर दिले नाही,15.66,64.29,अस प्रिमाने सांगत तीने म्हनाशी निश्चय केला तिराज्यानय वचन दिल्या प्रमाणे वर दिले नाही,15.66,64.29,असे प्रमाणे सांगत तिने मनाशी निश्चय केला ती राजाने वचन दिल्या प्रमाणे वर दिले नाही,6.02,35.71,अस प्रमाणे सांगत तिने मनाशी निश्चय केला ति राजाने वचन दिल्या प्रमाणे वर दिले नाही,8.43,42.86,असे प्रेमाने सांगत तिने मनाशी निश्चय केला की राजाने वचन दिल्याप्रमाणे वर दिले नाहीत,0.0,असे प्रेमाने सांगत तिने मनाशी निश्चय केला की राजाने वचन दिल्याप्रमाणे वर दिले नाहीत,0.0
sample_00035,D:\marathi-asr\data\vistaar_benchmarks\indictts\marathi\wavs\train_marathifemale_02608.wav,हे प्राणी फार लाजरे असतात व मनुष्यांपासून लांबच राहातात.,हे प्राणी फार लाजरे असतात व मनु्ाणपासून लांबच राहतात,7.27,22.22,हे प्राणी फार लाजरे असतात व मनु्ाणपासून लांबच राहतात,7.27,22.22,"हे प्राणी फार ला जरी असतात व,मनु्ाणपासून लांब राहतात",12.73,55.56,हे प्राणी फार लाजरे असतात व मनुष्य पासून लांबच राहतात,5.45,33.33,हे प्राणी फार लाजरे असतात व मनुष्यांपासून लांबच राहतात,11.11,हे प्राणी फार लाजरे असतात व मनुष्यांपासून लांबच राहतात,11.11
sample_00036,D:\marathi-asr\data\vistaar_benchmarks\indictts\marathi\wavs\train_marathimale_1077.wav,ठळक बातम्या ऐकतानाही माझ्याच मूळव्याधीचा ध्यास मला,फळक बातम्या इकतानाही माझ्याचमुळ व्याजीचा घयास मला,16.0,71.43,फळक बातम्या इकतानाही माझ्याच मुळ व्याजीचा घयास मला,14.0,71.43,फरक बातम्या इकत नाही माझ्या चमुळव्याजीचा घास माला,24.0,100.0,फरक बातम्या इकत नाही माझ्याच मुळ व्याजीचा घास मला,20.0,85.71,ठळक बातम्या ऐकतानाही माझ्याच मुळं व्याधीचा ध्यास मला,28.57,ठळक बातम्या ऐकतानाही माझ्याच मूळव्याधीचा ध्यास मला,0.0
sample_00037,D:\marathi-asr\data\vistaar_benchmarks\indictts\marathi\wavs\train_marathifemale_00424.wav,"आश्चर्याने नारदमुनींनी विचारले, बाई, तू कोण आहेस, हे वृध्द पुरुष कोण, यांना काय झालंय.",आ्टर याने नारत मुणींनी विचारले बाय तुकोण आहेस हे बृद्धपुरूष पोड याना काय झालय?,22.22,85.71,आ्टर याने नारत मुणींनी विचारले बाय तुकोण आहेस हे बृद्ध पुरूष पोड याना काय झालय,20.99,85.71,आश्टरयानेनारत मुलींनी विचारले बाय तू कोण आहेस हे वृद्ध पुर्ण याना काय झाले,20.99,57.14,आश्टर याने नारत मुनी नी विचारले बाय तु कोण आहेस हे रद्ध पूर कोण यांना काय झाल,19.75,71.43,आश्चर्याने नारदमुनींनी विचारले बाई तू कोण आहेस हे वृद्धपुरुष कोण यांना काय झालंय,14.29,आश्चर्याने नारदमुनींनी विचारले बाई तू कोण आहेस हे वृद्ध पुुरुष कोण यांना काय झालंय,14.29
sample_00038,D:\marathi-asr\data\vistaar_benchmarks\indictts\marathi\wavs\train_marathimale_2478.wav,कार्याध्यक्ष मोहन कामत व सरचिटणीस.,कार्या्यक्शा मोहनकामत म सरचट नेस,27.27,100.0,कार्या्यक्शा मोहनकामत म सरचेट नेस,27.27,100.0,कार्य त्याच्या मोहन कामात मसरचेटनेस,36.36,100.0,कार्य द्या शा मोहन कामात म सर चेक नेस,42.42,160.0,कार्याधh मोहन कामात was surchitnes,80.0,कार्याध्यक्ष मोहन कामत व सरचिटणीस,0.0
sample_00039,D:\marathi-asr\data\vistaar_benchmarks\indictts\marathi\wavs\train_marathifemale_04354.wav,"ऑरगॅनिक दुधामध्ये विटॅमिन्स, अँटीऑक्सिडंट्स आणि ओमेगा-तीन अ‍ॅसिड जास्त प्रमाणात मिळते.",अर्गयानेक दुधामध्ये व्हिटॅमेन्स आँटिऑकसिडंस आणि ओमेगातीन आसीड जास्त प्रमाणात मिळते,21.43,54.55,अर्गयानेक दुधामध्ये व्हिटॅमेन्स आँटिऑक्सिडंस आणि ओमेगा तीन आसीड जास्त प्रमाणात मिळते,19.05,36.36,अर्धा नेक दुधामध्ये व्हिटॅमिन अँटिऑक्सिडंट्स आणि ओमेगा तीन सीड जास्त प्रमाणात मिळते,17.86,45.45,अर्धा नेक दुधामध्ये व्हिटॅमिन अँटिऑक्सिडंट्स आणि ओमेगा तीन सीड जास्त प्रमाणात मिळते,17.86,45.45,ऑरगॅनिक दुधामध्ये व्हिटॅमिन्स अँटीऑक्सिडंट्स आणि ओमेगा तीन ऍसिड जास्त प्रमाणात मिळते,18.18,ऑर्गॅनिक दुधामध्ये वि्हटॅमिन्स अँटी ऑक्सिडनट्स आणि ओमेगा तीन ॅसिड जास्त प्रमाणात मिळते,45.45
sample_00040,D:\marathi-asr\data\vistaar_benchmarks\indictts\marathi\wavs\train_marathifemale_01034.wav,"माझे हात कोणाच्या उरात भोकसतील का सुरा, सुंदर वस्त्र विणणारे हे हात, ते का कोणाचं जीवनवस्त्र कापून टाकतील.",माझे हात कोणाच्या उरात भोकस्टेल का सुरा सुंदरवस्त्र विळणारे हे हात ते काकोणाचं जीवनवस्तर कापून टाकतेल ?,7.77,44.44,माझे हात कोणाच्या उरात भोकस्टेल का सुरा सुंदर वस्त्र विळणारे हे हात ते काकोणाचं जीवनवस्तर कापून टाकतेल,6.8,33.33,माझे हात कोणाच्या उरातभोकस्टेल का सुरुंदरवस्त्र मिळणारे हे हात ते का कोणाचा जीवन वस्त्र कापून टाकतेल?,12.62,55.56,माझे हात कोणाच्या उरात भोकस तेल का सुर सुंदर वस्त्र मिळणारे हे हात ते का कोणाचं जीवन वस्त्र कापून टाकते,7.77,38.89,माझे हात कोणाच्या उरात भोकसतील का सुरा सुंदर वस्त्र विणणारे हे हात ते का कोणाचं जीवन वस्त्र कापून टाकतील,11.11,माझे हात कोणाच्या उरात भोकसतील का सुरा सुंदर वस्त्र विणणारे हे हात ते काकणाचं जीवनवस्त्र कापून टाकतील,11.11
sample_00041,D:\marathi-asr\data\vistaar_benchmarks\indictts\marathi\wavs\train_marathimale_4675.wav,एकदा टीना आणि वर्गातल्या साहीलचे भांडण झाले.,एकदाटीना आणि वर्गातल्या साहिलचे भांडंड झाले,9.3,57.14,एकदाटीना आणि वर्गातल्या साहिलचे भांडंड झाले,9.3,57.14,एकदा टी ना आणि वर्गातल्या साहिलचे भांड झाले,6.98,57.14,एकदा टी ना आणि वर्गातल्या साहिलचे भांड झाले,6.98,57.14,एकदा टीना आणि वर्गातल्या साहिलचे भांडण झाले,14.29,एकदा टीना आणि वर्गातल्या साहिलचे भांडण झाले,14.29
sample_00042,D:\marathi-asr\data\vistaar_benchmarks\indictts\marathi\wavs\train_marathifemale_04374.wav,तुमचं वापरून जवळची ठिकाणं कॅटेगरीनुसार बँक्स रेस्टॉरन्ट्स एटीम्स गॅस स्टेशन्स इत्यादी.,तुमचा वापरून जवळची ठितानं कॅटदरीनुसार बॅक्स रस्टरनस ए.टी.एमस गॅस्टेशन्स इत्यादी,20.0,81.82,"तुमचा वापरून जवळाची ठितानं कॅटदरी नुसार , बॅक्स रस्टरन्स ए.टी.एमस गॅस्टेशन्स इत्यादी",21.18,100.0,तुमचा वापरून जवळचे ठिकाण कॅटेगरी नुसार बँक रस्रनसएटी.एमस गॅस टेशनसइत्यादी,23.53,90.91,तुमचा वापरून जवळची ठिकाण कॅटेगरी नुसार बँक रस्रन् एटीएम गॅस टेशन्स इत्यादी,18.82,72.73,तुमचं वापरून जवळची ठिकाणं कॅटेगरीनुसार बँक्स रेस्टॉरंट्स एटीएमस् गॅस स्टेशन्स इत्यादी,18.18,तुमचं वापरून जवळची ठिकाणं कॅटेगरीनुसार बँक्स रेस्टॉरंट्स एटीएम्स गॅस स्टेशन्स इत्यादी,18.18
sample_00043,D:\marathi-asr\data\vistaar_benchmarks\indictts\marathi\wavs\train_marathifemale_02746.wav,आम्हाला आव्हान देऊन तू स्वतःचा जीव धोक्यांत घालत आहेस.,आम्हाला अभान देऊून तूस्वतःाचा जीव धोक्यात झालक आहेस,18.87,66.67,आम्हाला अभान देऊून तूस्वतःाचा जीव धोक्यात झालक आहेस,18.87,66.67,आम्हाला अन देऊन दूस्वतःाचा जीव धोक्यात घालत आहे,18.87,55.56,आम्हाला अन देऊन तू स्वतःा चा जीव धोक्यात घालत आहेस,15.09,44.44,आम्हाला आव्हान देऊन तू स्वतःचा जीव धोक्यात घालत आहेस,11.11,आम्ह्हाला आव्हान देऊन तू स्वतचा जीव धोक्यात घालत आहेस,33.33
sample_00044,D:\marathi-asr\data\vistaar_benchmarks\indictts\marathi\wavs\train_marathimale_0789.wav,प्रत्येक बाबतीत तो सर्व बाजूंनी विचार करी व नंतर निर्णय घेत असे.,प्रत्येक बाबतीत तसर्व बाजूननी विचारकरी मन्नंतर निर्णय घेतसे,14.29,75.0,प्रत्येक बाबतीत तसर्व बाजूननी विचारकरी मन्नंतर निर्णय घेतसे,14.29,75.0,प्रत्येक बाबतीत तो सर्व बाजूंनी विचार करी बनत निर्णय घेत असे,6.35,16.67,प्रत्येक बाबतीत तो सर्व बाजूंनी विचार करी मंतर निर्णय घेत से,6.35,25.0,प्रत्येक बाबतीत तो सर्व बाजूंनी विचार करी व नंतर निर्णय घेत असे,0.0,प्रत्येक बाबतीत तो सर्व बाजूंनी विचार करी व नंतर निर्णय घेत असे,0.0
sample_00045,D:\marathi-asr\data\vistaar_benchmarks\indictts\marathi\wavs\train_marathimale_2497.wav,राजश्रीने मधुकंस रागात बडा ख्याल सादर करीत मैफलीची सुरवात केली.,राजशरीने मधू ंसरागात बडा फ्याल सादरकरीत मयफिलीची सुरुवात केली,14.52,80.0,राजशरीने मधू ंसरागात बडा फ्याल सादरकरीत मयफिलीची सुरुवात केली,14.52,80.0,राज श्री ने मधूकंसरागात बडा ह्या सादरकरीत मैफिलीची सुरुवात केली,14.52,90.0,राज श्री ने मधू सर गात बडा ह्या सादरकरीत मैफिलीची सुरुवात केली,19.35,110.0,राजश्रीने मधुकंस रागात बडा ख्याल सादर करीत मैफिलीची सुरुवात केली,20.0,राजश्रीने मधुकंस रागात बडा ख्याल सादर करीत मैफिलीची सुरुवात केली,20.0
sample_00046,D:\marathi-asr\data\vistaar_benchmarks\indictts\marathi\wavs\train_marathimale_4234.wav,"दररोज तो आपल्या आईला मनात धन्यवाद देत असे, कधी कधी चार अश्रूंनी तिचे तर्पण करीत असे.",दररोज तो आपल्या आईला मना धान्यमाध्येतसे कधीकरी चार शरूनी तीचे तरपण करित असे,19.51,62.5,दररोज तो आपल्या आईला मना धान्यमाध्येतसे कधी करी चार शरूनी तीचे तरपण करित असे,18.29,56.25,दररोज तो आपल्या आईला मना धान्य माये तसे कधी कधी चार शूनीतीचेतरपण करीत असे,20.73,43.75,दररोज तो आपल्या आईला मना धान्य मात येत असे कधी कधी चार शूनी तिचे तर पण करित असे,14.63,50.0,दररोज तो आपल्या आईला मनात धन्यवाद देत असे कधी कधी चार अश्रूंनी तिचे तर्पण करीत असे,0.0,दररोज तो आपल्या आईला मनात धन्यवाद देत असे कधीकधी चार अश्रूंनी तिचे तर्पण करीत असे,12.5
sample_00047,D:\marathi-asr\data\vistaar_benchmarks\indictts\marathi\wavs\train_marathimale_1906.wav,शिवाय शैक्षणिक क्षेत्रात सर्वोत्कृष्ठ काम असलेल्या प्रकल्पाच्या सीडी या वेळी दाखविण्यात आल्या.,शिवाय शैक्षणिक क्षेत्रात सर्वोतकृष्ठकाम मसलेल्या प्रकाल्पाच्या सिडी ज्यावेळी दाखवण्यात आल्या,9.68,66.67,शिवाय शैक्षणिक क्षेत्रात सर्वोतकृष्ठकाम मसलेल्या प्रकाल्पाच्या सिडी ज्यावेळी दाखवण्यात आल्या,9.68,66.67,शिवाय शैक्षणिक क्षेत्रात सर्वोत्कृष्ट काम असलेल्या प्रकल्पाच्या सडी यावेळी दाखवण्यात आल्या,4.3,41.67,शिवाय शैक्षणिक क्षेत्रात सर्वोत्कृष्ट काम असलेल्या प्रकल्पाच्या सिडी ज्या वेळी दाखवण्यात आल्या,5.38,33.33,शिवाय शैक्षणिक क्षेत्रात सर्वोत्कृष्ट काम असलेल्या प्रकल्पाच्या सी डी यावेळी दाखविण्यात आल्या,33.33,शिवाय शैक्षणिक क्षेत्रात सर्वोत्कृष्ट काम असलेल्या प्रकल्पाच्या सीडी यावेळी दाखविण्यात आल्या,25.0
sample_00048,D:\marathi-asr\data\vistaar_benchmarks\indictts\marathi\wavs\train_marathifemale_01642.wav,संध्याकाळ होत आल्यामुळे खाली उतरणे आवश्यक होते.,सं्ाकाळ होत आल्यामुळे खाली उतरणे आवश्यक होते,4.35,14.29,सं्ाकाळ होत आल्यामुळे खाली उतरणे आवश्यक होते,4.35,14.29,संध्याकाळहोत आल्यामुळे खाली उतरणे आवश्यक होते,2.17,28.57,संध्याकाळ होत आल्यामुळे खाली उतरणे आवश्यक होते,0.0,0.0,संध्याकाळ होत आल्यामुळे खाली उतरणे आवश्यक होते,0.0,संध्याकाळ होत आल्यामुळे खाली उतरणे आवश्यक होते,0.0
sample_00049,D:\marathi-asr\data\vistaar_benchmarks\indictts\marathi\wavs\train_marathifemale_00803.wav,घरातील सवाष्ण बायका गाईच्या पायावर पाणी घालतात.,घरातील सवाष्न बायका गाईीच्या पायावर पाणी घालतात,4.35,28.57,घरातील सवाष्न बायका गाईीच्या पायावर पाणी घालतात,4.35,28.57,घरातील सवाष्नबायका गाईच्या पायावर पाणी घालतात,4.35,28.57,घरातील सवाष्न बायका गाईच्या पायावर पाणी घालतात,2.17,14.29,घरातील सवाष्ण बायका गाईच्या पायावर पाणी घालतात,0.0,घरातील सवाष्णबायका गायीच्या पायावर पाणी घालतात,42.86
sample_00050,D:\marathi-asr\data\vistaar_benchmarks\indictts\marathi\wavs\train_marathifemale_02894.wav,एका क्षणासाठी मी उदास झालो अंतरिक्ष यान हळूच जमिनीवर टेकले.,एकाक्षणासाठी मी उदास झालो अंतरिक्षयान हळूच जमिनीवर टेकले,3.45,40.0,एकाक्षणासाठी मी उदास झालो अंतरिक्षयान हळूच जमिनीवर टेकले,3.45,40.0,एका क्षणासाठी मी उदा झालो अंतरिक्ष यानं फळ जमिनीवर टेकले,8.62,30.0,एका क्षणासाठी मी उदास झालो अंतरिक्ष यान हळूच जमिनीवर टेकले,0.0,0.0,एका क्षणासाठी मी उदास झालो अंतरिक्षयान हळूच जमिनीवर टेकले,20.0,एका क्षणासाठी मी उदास झालो अंतरिक्षयान हळूच जमिनीवर टेकले,20.0
sample_00051,D:\marathi-asr\data\vistaar_benchmarks\indictts\marathi\wavs\train_marathimale_3281.wav,शूरसेन नावाचा एक राजा होता.,शूरसेम नावाचा एक राज्या होता,11.54,40.0,शूरसेम नावाचा एक राज्या होता,11.54,40.0,शुरसेम नावाचा एक राज्या होता,15.38,40.0,शुर सन नावाचा एक राज्या होता,19.23,60.0,शूर सेन नावाचा एक राजा होता,40.0,शूरसेन नावाचा एक राजा होता,0.0
sample_00052,D:\marathi-asr\data\vistaar_benchmarks\indictts\marathi\wavs\train_marathimale_2279.wav,"उपेंद्र भट, अपर्णा गुरव आणि अनुराधा कुबेर सादर करतील.",पपेंद्रफर्ट आपरणा गुरव आणि अनुराधा कुठेर सादर करते,17.65,55.56,पपेंद्र फर्ट आपरणा गुरव आणि अनुराधा कुठेर सादर करते,17.65,55.56,उपेंद्रफर्ट आपला गुरा आणि अनुराधा कुठे सादर करतील,19.61,55.56,उपेंद्र भट आपला गुरव आणि आनुरा धा कुठे सादर करते,19.61,55.56,उपेंद्र भट अपर्णा गुरव आणि अनुराधा कुबेर सादर करतील,0.0,उपेंद्र भट अपर्णा गुरव आणि अनुराधा कुबेर सादर करतील,0.0
sample_00053,D:\marathi-asr\data\vistaar_benchmarks\indictts\marathi\wavs\train_marathifemale_02724.wav,बादशहाचे शब्द ऐकून फैजखान कावराबावरा झाला.,बादेशहाचा शबदा एकून पैचखान कावरा बावराच झाला,21.95,100.0,बादेशहाचा शबदा एकून पैचखान कावरा बावराच झाला,21.95,100.0,"बादशहाचा शब्द एकून पैचखान,कावराबावराच आला",17.07,83.33,बाद हा चा शब्द एकून परिस खान का वरा बावरा झाला,26.83,150.0,बादशहाचे शब्द ऐकून फैज खान कावराबावरा झाला,33.33,बादशहाचे शब्द ऐकून फैजखान कावराबावरा झाला,0.0
sample_00054,D:\marathi-asr\data\vistaar_benchmarks\indictts\marathi\wavs\train_marathimale_1746.wav,दौंड येथील दरोड्याबाबत काही विपर्यस्त माहिती पुढे आली होती.,दऊंड येथेल दरोड्याबाबत काही विपरयस्त माहिती पुढे आली होते,6.9,44.44,दऊंड येथेल दरोड्याबाबत काही विपरयस्त माहिती पुढे आली होते,6.9,44.44,दंड येथील दरोड्याबाबत काही विपरीत माहिती पुढे आली होती,8.62,22.22,दंड येथील दरोड्या बाबत काही विपरयस्त माहिती पुढे आली होते,6.9,55.56,दौंड येथील दरोड्याबाबत काही विपर्यस्त माहिती पुढे आली होती,0.0,दौंड येथील दरोड्याबाबत काही विपर्यस्त माहिती पुढे आली होती,0.0
sample_00055,D:\marathi-asr\data\vistaar_benchmarks\indictts\marathi\wavs\train_marathimale_1473.wav,आता लोक म्हणतील की एक दोन टक्के असणारे हे अधिकारी बाकीच्या अठ्ठ्याण्णव टक्के लोकांवर इंग्रजी का लादतात,आता लोक म्हणती की एक दोन टक्के असणारये हे अधिकारी बाकीच्या अठठ्यांडव टक्के लोकांवर इंरजीका लागतात,9.8,35.29,आता लोक म्हणती की एक दोन टक्के असणारे हे अधिकारी बाकीच्या अठठ्यांडव टक्के लोकांवर इंरजी का लागतात,7.84,23.53,आता लोक म्हणतील की एक दोन टक्के असणारे हे अधिकारी बाकीच्या अठ्ठावटक्के लोकांवर इंग्रजी का लागतात,6.86,17.65,आता लोक म्हणती की एक दोन टक्के असणारे हे अधिकारी बाकीच्या अठ्ठ्या नव टक्के लोकांवर इंग्रजी का लागतात,4.9,23.53,आता लोक म्हणतील की एक दोन टक्के असणारे हे अधिकारी बाकीच्या अठ्ठ्याण्णऊ टक्के लोकांवर इंग्रजी का लादतात,5.88,आता लोक म्हणतील की एक दोन टक्के असणारे हे अधिकारी बाकीच्या अठ्ठ्याण्णव टक्के लोकांवर इंग्रजी का लादतात,0.0
sample_00056,D:\marathi-asr\data\vistaar_benchmarks\indictts\marathi\wavs\train_marathimale_1347.wav,मी आजही विद्यार्थ्यांना विचारतो की तुम्ही कशासाठी शिकता,मी आजही विद्यार्थ्यांना विचारतो केतुम्ही कशासाठी शिकता?,3.64,25.0,मी आजही विद्यार्थ्यांना विचारतो केतुम्ही कशासाठी शिकता ?,3.64,25.0,मी आजही विद्यार्थ्यांना विचारत के तुम्ही कशा साठी शिकता,5.45,50.0,मी आजही विद्यार्थ्यांना विचारत की तुम्ही कशासाठी शिकता,1.82,12.5,मी आजही विद्यार्थ्यांना विचारतो की तुम्ही कशासाठी शिकता,0.0,मी आजही विद्यार्थ्यांना विचारतो की तुम्ही कशासाठी शिकता,0.0
sample_00057,D:\marathi-asr\data\vistaar_benchmarks\indictts\marathi\wavs\train_marathifemale_02009.wav,एके दिवशी स्वराच्या माधुर्याची किर्ती एका राजाला कळली.,एके दिवशी स्वराच्या माधुर्याची किरती एका राज्याला कळली,5.66,25.0,एके दिवशी स्वराच्या माधुर्याची किरती एका राज्याला कळली,5.66,25.0,एक दिवशी स्वराच्या मामुर्याची किरती एका राज्याला कळली,9.43,50.0,एक दिवशी स्वराच्या मामुर्याची किरती एका राज्याला कळली,9.43,50.0,एके दिवशी स्वराच्या माधुर्याची कीर्ती एका राजाला कळली,12.5,एके दिवशी स्वराच्या माधुर्याची कीर्ती एका राजाला कळली,12.5
sample_00058,D:\marathi-asr\data\vistaar_benchmarks\indictts\marathi\wavs\train_marathimale_1588.wav,लोकसभा आणि विधानसभांच्या निवडणुकीत शरद पवारांसारखा एकच शिलेदार महाराष्ट्राच्या स्वाभिमानाची पताका घेऊन महाराष्ट्रभर फिरला.,लोकसभा आणि विधान सभांच्या निवडलोके शरत पवारांसारखा एकच शिलेदार महाराष्टराच्या स्वाभिमानाची पताका घेऊन महा राष्ट्रभर ठेरला,8.26,57.14,लोकसभा आणि विधान सभांच्या निवडलोके शरत पवारांसारखा एकच शिलेदार महाराष्ट्राच्या स्वाभिमानाची पताका घेऊन महा राष्ट्रभर ठेरला,7.44,50.0,लोकसभा आणि विधान सभांच्या निवड लोके शरद फवारांसारखा एकच शिलेदार महाराष्ट्राच्या स्वाभिमानाची पता का घेऊन महाराष्ट्र भर केला,9.92,71.43,लोकसभा आणि विधान सभांच्या निवड लोके शरद फवारा सारखा एकच शिलार महाराष्ट्रा च्या स्वाभि मानाची पताका घेऊन महा राष्ट्र भर फेरला,12.4,107.14,लोकसभा आणि विधानसभांच्या निवडणुकीत शरद पवारांसारखा एकच शिलेदार महाराष्ट्राच्या स्वाभिमानाची पताका घेऊन महाराष्ट्रभर फिरला,0.0,लोकसभा आणि विधानसभांच्या निवडणुकीत शरद पवारांसारखा एकच शिलेदार महाराष्ट्राच्या स्वाभिमानाची पताका घेऊन महाराष्ट्रभर फिरला,0.0
sample_00059,D:\marathi-asr\data\vistaar_benchmarks\indictts\marathi\wavs\train_marathimale_4243.wav,मी माझ्या एकेका दुर्गुणाला खोल खड्डे खणून गाडून टाकत आहे.,मी माझ्या तेथेका दुरगुणाला फोल फडदे थणून गाडून टाकत आहे,16.07,50.0,मी माझ्या तेथेका दुरगुणाला फोल फडदे थणून गाडून टाकत आहे,16.07,50.0,मी माझ्या तेथे का दुरगुणाला फोन फंदेथणून गाडून टाकत आहे,23.21,50.0,मी माझ्या तेथे का दुर गुणाला फोन फंडे हून गाडून टाकत आहे,21.43,70.0,मी माझ्या एकेका दुर्गुणाला खोल खड्डे खणून गाडून टाकत आहे,0.0,मी माझ्या एकेका दुर्गुणाला खोल खड्डे खणून गाडून टाकत आहे,0.0
sample_00060,D:\marathi-asr\data\vistaar_benchmarks\indictts\marathi\wavs\train_marathimale_4019.wav,"तो सुरा हातात घेऊन वेड्यासारखा बाहेर आला, लोक त्याच्याकडे पाहू लागले.",तसुरा हातात घेऊन मेळ्यासारखा बाहिराला लोक त्याच्याकडे पाहू लागले,10.45,45.45,तसुरा हातात घेऊन मेळ्यासारखा बाहिराला लोक त्याच्याकडे पाहू लागले,10.45,45.45,तसुराहातात घेऊन मेळ्यासारखा बाहेर ला लोक त्याच्याकडे पाहू लागले,8.96,45.45,तो सुर हातात घेऊन मेळ्या सारखा बाहेर ला लोक त्याच्याकडे पाहू लागले,7.46,36.36,तो सुरा हातात घेऊन वेड्यासारखा बाहेर आला लोक त्याच्याकडे पाहू लागले,0.0,तो सुरा हातात घेऊन वेड्यासारखा बाहेर आला लोक त्याच्याकडे पाहू लागले,0.0
sample_00061,D:\marathi-asr\data\vistaar_benchmarks\indictts\marathi\wavs\train_marathimale_3544.wav,"त्याच्या अपराधाबद्दल क्षमा करण्याचे सोडून त्याला शापाने मृत्यूची शिक्षा देणे, हे आपणासारख्या ब्रह्मनिष्ठांना शोभत नाही!",त्याच्या पराधाबद्दलक्षमा करण्याचे सोडून त्याला शापाने वृत्तूची शिक्षादेणे ते आपणासारख्या प्रमविष्टांना शोभत नाही,9.4,46.67,त्याच्या पराधाबद्दलक्षमा करण्याचे सोडून त्याला शापाने वृत्तूची शिक्षादेणे ते आपणा सारख्या प्रमविष्टांना शोभत नाही,10.26,53.33,त्याच्या अपराधाबद्दलक्षमा करण्याचे सोडून त्याला शापाने मृत्यूची शिक्षा देणे हे आपणासाख्या प्रमष्टांनाशोभत नाही,7.69,33.33,त्याच्या अपराधा बद्दल क्षमा करण्याचे सोडून त्याला शापाने वृत्तूची शिक्षा देणे ते आपण सारख्या प्रमष्टा ना शोभत नाही,10.26,53.33,त्याच्या अपराधाबद्दल क्षमा करण्याचे सोडून त्याला शापाने मृत्यूची शिक्षा देणे हे आपणासारख्या ब्रह्मनिष्ठांना शोभत नाही,0.0,त्याच्या अपराधाबद्दल क्षमा करण्याचे सोडून त्याला शापाने मृत्यूची शिक्षा देणे हे आपणासारख्या ब्रह्मनिष्ठांना शोभत नाही,0.0
sample_00062,D:\marathi-asr\data\vistaar_benchmarks\indictts\marathi\wavs\train_marathifemale_04574.wav,त्याने आमच्याशी ओळख करून घेतली आणि मराठी मधे बोलायला सुरूवात केली.,त्याने आमच्याशी ओळख करून घेतली आणि मराठीमध्ये बोलायाला सुरुवात केली,7.69,36.36,त्याने आमच्याशी ओळख करून घेतली आणि मराठी मध्ये बोलायाला सुरुवात केली,6.15,27.27,त्याने आमच्या शी ओळख करून घेतली आणि मराठीमध्ये बोलला सुरुवात केली,10.77,54.55,त्याने आमच्याशी ओळख करून घेतली आणि मराठी मध्ये बोलायला सुरुवात केली,4.62,18.18,त्याने आमच्याशी ओळख करून घेतली आणि मराठीमध्ये बोलायला सुरुवात केली,27.27,त्याने आमच्याशी ओळख करून घेतली आणि मराठीमध्ये बोलायला सुरुवात केली,27.27
sample_00063,D:\marathi-asr\data\vistaar_benchmarks\indictts\marathi\wavs\train_marathifemale_00706.wav,"रुद्र म्हणाला, `खोटे वाटत असेल तर तुझ्या बाबांना जाऊन विचार, त्यांना यज्ञासंबंधी सर्व कळते.",ृद्रम्हणाला खोटे वाटत असेल तर तुझ्ा बाबांना जाऊन विचार त्यांना यज्ञा संबंही सर्व कळते,7.95,42.86,ृद्रम्हणाला खोटे वाटत असेल तर तुझ्ा बाबांना जाऊन विचार त्यांना यज्ञा संबंही सर्व कळते,7.95,42.86,द्रम्हणाला खोटे वाटत असेल तर तुझ्या बाबांना जाऊन विचार त्यांना योग्य संबंधी सर्व कळते,9.09,35.71,द्र म्हणाला खोटे वाटत असेल तर तुझ्या बाबांना जाऊन विचार त्यांना याद्ञा संबंधी सर्व कळते,6.82,28.57,रुद्र म्हणाला खोटे वाटत असेल तर तुझ्या बाबांना जाऊन विचार त्यांना यज्ञासंबंधी सर्व कळते,7.14,रुद्र म्हणाला खोटे वाटत असेल तर तुझ्या बाबांना जाऊन विचार त्यांना यज्ञासंबंधी सर्व कळते,7.14
sample_00064,D:\marathi-asr\data\vistaar_benchmarks\indictts\marathi\wavs\train_marathimale_2322.wav,विशेषतः या सगळ्याच लेण्यांमधून भिख्खूंच्या आणि उपासकांच्या राहण्याची सोय होती.,विशेषत हा या सगळ्यात लेण्यांमधून भेखूंच्या आणि उपासकांच्या राहण्याची सोय होते,10.39,50.0,विशेषत हा या सगळ्यात लेण्यांमधून भेखूंच्या आणि उपासकांच्या राहण्याची सोय होते,10.39,50.0,विशेषत हा या सगळ्या लढ्यांमधून भेखूंच्या आणि उपासकांच्या राहण्याची सोय होते,12.99,60.0,विशेषत हा या सगळ्यात लढ्यां मधून भेखूं च्या आणि उपासकांच्या राहण्याची सोय होते,15.58,80.0,विशेषतः या सगळ्याच लेण्यांमधून भिक्खूंच्या आणि उपासकांच्या राहण्याची सोय होती,10.0,विशेषत या सगळ्याच लेण्यांमधून भिकख्खूंच्या आणि उपासकांच्या राहण्याची सोय होती,20.0
sample_00065,D:\marathi-asr\data\vistaar_benchmarks\indictts\marathi\wavs\train_marathimale_0778.wav,"अग ए, पाणी तापलंय कीं नाही ते बघ बरं जरा!",अग ए पाणी तापलय की नाही ते बग बरजरा,12.82,50.0,अग ए पाणी तापलय की नाही ते बग बरजरा,12.82,50.0,मग एक पाणी कापला की नाही ते बाग बर जरा,23.08,60.0,मग ए पाणी तापलय की नाही ते बाग बर जर,17.95,60.0,अगं ए पाणी तापलंय की नाही ते बघ बरं जरा,20.0,अगं ए पाणी तापलंय की नाही ते बघ बरं जरा,20.0
sample_00066,D:\marathi-asr\data\vistaar_benchmarks\indictts\marathi\wavs\train_marathimale_1934.wav,आपण शेजारच्या प्लॅटमध्ये बसू असे म्हणत तिथे नेले.,आपण शेजारच्या फ्लाईटमध्ये बसू असे म्हणूत तेथेनेले,12.5,50.0,आपण शेजारच्या फ्लाईटमध्ये बसू असे म्हणूत तेथेनेले,12.5,50.0,आपण शेजारच्या फ्लॅट मध्ये बसू असे म्हणत तेथे नेले,6.25,37.5,आपण शेजारच्या फ्लॅट मध्ये बसू असे म्हणत तेथे नेले,6.25,37.5,आपण शेजारच्या फ्लॅटमध्ये बसू असे म्हणत तेथे नेले,25.0,आपण शेजारच्या फ्लॅटमध्ये बसू असे म्हणत तेथे नेले,25.0
sample_00067,D:\marathi-asr\data\vistaar_benchmarks\indictts\marathi\wavs\train_marathimale_2569.wav,गिलख्रिस्टच्या त्या ग्लोव्हज्‌बद्दल श्रीलंकेस आक्षेप,गिलक्रीसच्या त्याक लऊस बद्दल श्रिलंकेस आक शेत,34.62,140.0,गिल्क्रीसच्या त्याक लऊस बद्दल श्रिलंकेस आक शेत,36.54,140.0,गील क्रिसच्या त्यात लौसबद्दल श्री नं केस आग शे,42.31,180.0,गील क्रिस च्या त्यात लस बद्दल श्रीलं केस आग शेत,38.46,200.0,गिल ख्रिस्ट्या त्यागlसबद्दल श्रीlankस आक्षेप,80.0,गिलख्रिस्च्या त्या ग्लव्जबद्दल श्रीलंकेस आक्षेप,40.0
sample_00068,D:\marathi-asr\data\vistaar_benchmarks\indictts\marathi\wavs\train_marathimale_1472.wav,मंडळी कुठे आणि आम्ही कुठे,मंडळी कुठे आणि आम्ही कुठे?,0.0,0.0,मंडळी कुठे आणि आम्ही कुठे ?,0.0,0.0,मंडळ कुठे आणि आम्ही कुठले,8.0,40.0,मंडळी कुठे आणि आम्ही कुठे,0.0,0.0,मंडळी कुठे आणि आम्ही कुठे,0.0,मंडळी कुठे आणि आम्ही कुठे,0.0
sample_00069,D:\marathi-asr\data\vistaar_benchmarks\indictts\marathi\wavs\train_marathifemale_02497.wav,खट्याळ मुलें दगडधोंडे मारून रडवीत आणि त्यांतच त्यांना गंमत वाटे.,खड्याळमले दगळ धोंडे मारून रळवीत आणि त्यातच कत्यांना गंमत वाटे,14.29,60.0,खड्याळमुले दगळ धोंडे मारून रळवीत आणि त्यातच क्यांना गंमत वाटे,12.7,60.0,खडा मुले दगड थंड मारून रवी आणि त्यात त्यांना गंमत वाट,20.63,70.0,खड्याळ मुले दगड धोंडे मारून रवी आणि त्यातच त्यांना गंमत वाटे,9.52,60.0,खट्याळ मुले दगडधोंडे मारून रडवीत आणि त्यातच त्यांना गंमत वाटे,20.0,खट्याळ मुले दगडधोंडे मारून रडवीत आणि त्यातच त्यांना गंमत वाटे,20.0
sample_00070,D:\marathi-asr\data\vistaar_benchmarks\indictts\marathi\wavs\train_marathifemale_00715.wav,एवढा क्रूर तो पण नाभाचा हिरमोड पाहून त्याचेही मन विरघळले.,एवढाक्रूरत पणनाभाचा हिरमोडपाहून त्याचेही महन विरघळले,10.71,80.0,एवढाक्रूर तो पणनाभाचा हिरमोडपाहून त्याचेही महन विरघळले,7.14,70.0,एवढा करू तो पण नावाचा हिरमोडपाहून त्याचे ही मन विरघळले,8.93,50.0,एवढा क्रूड तो पण नावाचा हिरमोड पाहून त्याचे ही मन विरघळले,5.36,40.0,एवढा क्रूर तो पण नाभाचा हिरमोड पाहून त्याचेही मन विरघळले,0.0,एवढा क्रूर तो पण नाभाचा हिरमोड पाहून त्याचेही मन विरघळले,0.0
sample_00071,D:\marathi-asr\data\vistaar_benchmarks\indictts\marathi\wavs\train_marathifemale_00545.wav,"विश्र्रांती घेतल्यानंतर तो विचार करू लागला, तेव्हा आपण केलेल्या अविचाराबद्दल त्याला आता पश्चाताप वाटू लागला.",बिश्रंती घेतल्यानंतर तो विचार करू लागला ते्हा आपण केलेल्या अविचाराबद्दल त्याला आता पश्चाताप वाटू लागला,4.72,13.33,बिश्रंती घेतल्यानंतर तो विचार करू लागला ते्हा आपण केलेल्या अविचाराबद्दल त्याला आता पश्चाताप वाटू लागला,4.72,13.33,मिश्रण ती घेतल्यानंतर तो विचार करू लागला तेव्हा आपण केलेल्या विचार बद्दल त्याला आता पश्या ताप वाव लागला,10.38,46.67,मिश्रण ती घेतल्यानंतर तो विचार करू लागला तेव्हा आपण केलेल्या अविचारा बद्दल त्याला आता पश्या ताप वाटो लागला,8.49,46.67,विश्रांती घेतल्यानंतर तो विचार करू लागला तेव्हा आपण केलेल्या अविचाराबद्दल त्याला आता पश्चात्ताप वाटू लागला,13.33,विश्रांती घेतल्यानंतर तो विचार करू लागला तेव्हा आपण केलेल्या अविचाराबद्दल त्याला आता पश्चातताप वाटू लागला,13.33
sample_00072,D:\marathi-asr\data\vistaar_benchmarks\indictts\marathi\wavs\train_marathimale_4490.wav,मी मात्र तुला बर नसतांनाही खायला करायचा हटट केला.,मी मात्रतुला बर नसतानाही खायला करायचा हट्ट केला,6.25,44.44,मी मात्रतुला बर नसतानाही खायला करायचा हट्ट केला,6.25,44.44,मी मात्र तुला बरं नसतानाही खायला करायचा हट्ट केला,6.25,33.33,मी मात्र तुला बर नसतानाही खायला करायचा हट्ट केला,4.17,22.22,मी मात्र तुला बरं नसतानाही खायला करायचा हट्ट केला,33.33,मी मात्र तुला बरं नसतानाही खायला करायचा हट्ट केला,33.33
sample_00073,D:\marathi-asr\data\vistaar_benchmarks\indictts\marathi\wavs\train_marathimale_3168.wav,बोलून बोलून थकले आणि झाले सगळे शांत.,बोलून बॉलून थकले आणि झाले सगळे शानत,5.71,28.57,बोलून बॉलून थकले आणि झाले सगळे शानत,5.71,28.57,बोलून बोलून थकले आणि झाले सगळे शांत,0.0,0.0,बोलून बोलून थकले आणि झाले सगळे शांत,0.0,0.0,बोलून बोलून थकले आणि झाले सगळे शांत,0.0,बोलून बोलून थकले आणि झाले सगळे शांत,0.0
sample_00074,D:\marathi-asr\data\vistaar_benchmarks\indictts\marathi\wavs\train_marathimale_5138.wav,गौतमने ते चणे काढून पुन्हा शेतात टाकले.,गवतंनी पेकसणे काढून पुन्ह शेतात टाकले,18.42,57.14,गवतंनी पेकसणे काढून पुन्ह शेतात टाकले,18.42,57.14,गवत नी पेसणेकाढून पुन्हा शेतात टाकले,18.42,57.14,गवतंनी पेसणे काढून पुन्हा शेतात टाकले,15.79,42.86,गौतमने ते चणे काढून पुन्हा शेतात टाकले,0.0,गौतमने ते चणे काढवून पुन्हा शेतात टाकले,14.29
sample_00075,D:\marathi-asr\data\vistaar_benchmarks\indictts\marathi\wavs\train_marathifemale_03115.wav,असे म्हणून अकबराने आपल्या बोटांतील हिर्याची अंगठी काढून ती विहिरीत टाकली.,असे म्हणून अकबराने आपल्या बोटातील हिर्याची अंखे काढहून ती वेहिरित टाकली,9.72,36.36,असे म्हणून अकबराने आपल्या बोटातील हिर्याची अंखे काढहून ती वेहिरित टाकली,9.72,36.36,असे म्हणून अकबराने आपल्या बोटातील हिर्याचीअंखे काढून ती विहिरीत टाकली,6.94,27.27,असे म्हणून अकबराने आपल्या बोटातील हिर्याची अंखे काढून ती विहिरीत टाकली,5.56,18.18,असे म्हणून अकबराने आपल्या बोटातील हिऱ्याची अंगठी काढून ती विहिरीत टाकली,18.18,असे म्हणून अकबराने आपल्या बोटातील हिर्याची अंगठी काढून ती विहिरीत टाकली,9.09
sample_00076,D:\marathi-asr\data\vistaar_benchmarks\indictts\marathi\wavs\train_marathifemale_03623.wav,काही जिल्ह्यांमध्ये दंशावर शेवग्याचा डिंक चेचून ओला करून लावणे हा उपाय केला जातो.,काही जुल्ांमध्ये दवशावर शेवद्याचा डिंत चेसून ओलाकरून लावणे हा उपाय केला जातो,11.25,53.85,काही जुल्ांमध्ये दवशावर शेवद्याचा डिंत चेसून ओलाकरून लावणे हा उपाय केला जातो,11.25,53.85,काही जिल्ह्यांमध्ये दवशावर शेवग्याच्या डिंतचेसून ओला करून लावणे हा उपाय केला जातो,7.5,30.77,काही जिल्ह्यांमध्ये दवशावर शेवग्याच डिटचे जून ओला करून लावणे हा उपाय केला जातो,8.75,30.77,काही जिल्ह्यांमध्ये दंशावर शेवग्याचा डिंक चेचून ओला करून लावणे हा उपाय केला जातो,0.0,काही जिल्ह्यांमध्ये दंशावर शेवग्याचा डिंक चेचून ओला करून लावणे हा उपाय केला जातो,0.0
sample_00077,D:\marathi-asr\data\vistaar_benchmarks\indictts\marathi\wavs\train_marathimale_4942.wav,"अर्जुनाला कुणीही स्पर्धक राहू नये, तो सर्वश्रेष्ठ धनुर्धारी असावा, यासाठी तुम्ही असं केलंत.",अर्जुनाला पुणी ही स्पर्धाक राहूनय तो सर्वश्रेष्ठ धनडधारी असावा यासाठी तुमह यास केलात,15.91,61.54,अर्जुनाला पुणी ही स्पर्धाक राहूनय तो सर्वश्रेष्ठ धनडधारी असावा यासाठी तुमह यास केलात,15.91,61.54,अर्जुनाला कोणी ही स्पर्धा राहून तो सर्व श्रेष्ठ धनडधारीअसावा यासाठी तुम्ही अस केला,15.91,69.23,अर्जुनाला कोणी ही स्पर्धा राहून तो सर्व श्रेष्ठ धनडधारी असावा यासाठी तुम्ही अस केला,14.77,69.23,अर्जुनाला कुणीही स्पर्धक राहू नये तो सर्वश्रेष्ठ धनुर्धारी असावा यासाठी तुम्ही असं केलंत,0.0,अर्जुनाला कुणीही स्पर्धक राहू नये तो सर्वश्रेष्ठ धनुर्धारी असावा यासाठी तुम्ही असं केलत,7.69
sample_00078,D:\marathi-asr\data\vistaar_benchmarks\indictts\marathi\wavs\train_marathimale_0637.wav,"राजा, या निबिड अंधारात तू कुठे जातो आहेस",राजा या निवीळ अंधारात तू कुठे जातू आहे,12.82,37.5,राजा या निवीळ अंधारात तू कुठे जातू आहे,12.82,37.5,राज्या या निवड अंधारात तो कुठे जातो आहे,15.38,50.0,राज्या या निवड अंधारात तु कुठे जातो आहे,15.38,50.0,राजा या निबिड अंधारात तू कुठे जातो आहेस,0.0,राजा या निबिड अंधारात तू कुठे जातो आहेस,0.0
sample_00079,D:\marathi-asr\data\vistaar_benchmarks\indictts\marathi\wavs\train_marathimale_0818.wav,"त्याचे सौंदर्य पाहून त्याच्या मालकाला तर आनंदच झाला, इतर लोकांनाही तो हवाहवासा वाटे.",त्याचे सौंदर यपाह त्याच्या मालकाला तर अनंदच झाला इतर लोकानाही तो हवा हवासा वाटे,8.54,46.15,त्याचे संदर यपाह त्याच्या मालकाला तर अनंदच झाला इतर लोका नाही तो हवा हवासा वाटे,9.76,53.85,त्याचे सौंदर्य पाहू त्याच्या मालकाला तर आनंद झाला इतर लोका नाही तो हवा वास वाढते,8.54,53.85,त्याचे सौंदर्य पाहू त्याच्या मालकाला तर आनंद झाला इतर लोका नाही तो हवा वास वाढते,8.54,53.85,त्याचे सौंदर्य पाहून त्याच्या मालकाला तर आनंदच झाला इतर लोकांनाही तो हवा हवासा वाटे,15.38,त्याचे सौंदर्य पाहून त्याच्या मालकाला तर आनंदच झाला इतर लोकांनाही तो हवाहवासा वाटे,0.0
sample_00080,D:\marathi-asr\data\vistaar_benchmarks\indictts\marathi\wavs\train_marathifemale_02931.wav,"तो उच्च कुळांतच जन्मला होता, परंतु फार गरीब होता.",त उच्चकळाता जन्मला होता पर्यंतू फार गरीब होता,17.02,44.44,त उच्चकळाता जन्मला होता पर्यंतू फार गरीब होता,17.02,44.44,तो उच्च कळत जन्माला होता पर्यंत फार गरीब होता,17.02,33.33,तो उच्च कळता जन मला होता पर्यंत फार गरीब होता,17.02,44.44,तो उच्चकुळातच जन्माला होता परंतु फार गरीब होता,33.33,तो उच्चकुळातच जन्मला होता परंतु फार गरीब होता,22.22
sample_00081,D:\marathi-asr\data\vistaar_benchmarks\indictts\marathi\wavs\train_marathifemale_03469.wav,या पुस्तकातल्या विविध प्रकरणांमधून विविध प्रयत्नांना चालना मिळावी अशी अपेक्षा आहे.,या पुस्ठकातल्या विविध प्रकारणांमधून विविध प्रयत्नांना चालनामेळावी अशी अपेक्षा आहे,4.94,36.36,या पुस्ठकातल्या विविध प्रकारणांमधून विविध प्रयत्नांना चालनामेळावी अशी अपेक्षा आहे,4.94,36.36,या पुस्तकातल्या विविध प्रकारांमधून विविध प्रयत्नांन चालना मिळावी अशी अपेक्षा आहे,3.7,18.18,या पुस्तकातल्या विविध प्रकरणांमधून विविध प्रयत्नांन चालना मिळावी अशी अपेक्षा आहे,1.23,9.09,या पुस्तकातल्या विविध प्रकरणांमधून विविध प्रयत्नांना चालना मिळावी अशी अपेक्षा आहे,0.0,या पुस्तकातल्या विविध प्रकरणांमधून विविध प्रयत्नांना चालना मिळावी अशी अपेक्षा आहे,0.0
sample_00082,D:\marathi-asr\data\vistaar_benchmarks\indictts\marathi\wavs\train_marathimale_3001.wav,महाभारतकालीन राजा सत्यदेव एक दिवस सकाळी उठले.,महा भारत कालीन राज्यासत्यदे एेक दिवस सकाळी उठले,15.91,71.43,महा भारत कालीन राज्या सत्यदे एेक दिवस सकाळी उठले,13.64,85.71,महा भारत काली राज्या सत्य दे एक दिवस सकाळी घटले,20.45,100.0,महा भारत काली राज्या सत्य दे एक दिवस सकाळी उठले,15.91,85.71,महाभारतकालीन राजा सत्यदेव एक दिवस सकाळी उठले,0.0,महाभारतकालीन राजा सत्यदेव एक दिवस सकाळी उठले,0.0
sample_00083,D:\marathi-asr\data\vistaar_benchmarks\indictts\marathi\wavs\train_marathifemale_01957.wav,या कार्यात वर्गाचा वर्गनायक प्रशांत याचा सिंहाचा वाटा असे; त्याला नेहमी प्रोत्साहन आणि सहकार्य मिळायचं ते शाळेच्या मुख्याध्यापकांचं.,याकार्यात वरगाचा वर्गन आय प्रशान याचा सुम्भाचा वाटा से त्याला नेहमी प्रोत्साहन आणि सहकार्यमेळाच तेशाळेच्या मुख्यात ्ापकांच,16.15,66.67,या कार्यात वर्गाचा वर्गन आय प्रशान याचा सुमभाचा वाटा असे त्याला नेहमी प्रोत्साहन आणि सहकार्यमेळाच तेशाळेच्या मुख्यात ्ापकांच,13.08,50.0,या कार्यात वर्गाचा वर्ग प्राण याचा समभाचा वाटा असे त्याला नेहमी प्रोत्साहन आणि सहकार्य मिळायचे शाळेच्या मुख्य भागांचा,15.38,38.89,या कार्यात वर्गाचा वर्ग आय प्राण याचा समभाचा वाटा असे त्याला नेहमी प्रोत्साहन आणि सहकार्य मिळात शाळेच्या मुख्य धाकांच,14.62,44.44,या कार्यात वर्गाचा वर्गनायक प्रशांत याचा सिंहाचा वाटा असे त्याला नेहमी प्रोत्साहन आणि सहकार्य मिळायचं ते शाळेच्या मुख्याध्यापकांचं,0.0,या कार्यात वर्गाचा वर्गनायक प्रशांत याचा सिंहाचा वाटा असे त्याला नेहमी प्रोत्साहन आणि सहकार्य मिळायचं ते शाळेच्या मुख्याध्यापकांचं,0.0
sample_00084,D:\marathi-asr\data\vistaar_benchmarks\indictts\marathi\wavs\train_marathifemale_04370.wav,आधीच ड्रायवर आणि मग त्याच्या मालकाबरोबर झालेल्या वादामूळे अभिजित वैतागला होता.,आधिच ड्रायवर आणिमंग त्याच्या मालका बरोबर झालेल्या बादामुळे अिजिट वैतागला होता,10.39,63.64,आधिच ड्रायवर आणिमंग त्याच्या मालका बरोबर झालेल्या बादामुळे अिजिट वैतागला होता,10.39,63.64,आधीच दरावर आणि मग त्याच्या मालक बरोबर झालेल्या बादामुळे अभिजित वैतागला होता,7.79,36.36,आधीच ड्रायवर आणि मग त्याच्या मालका बरोबर झालेल्या बादामुळे अभिजित वैतागला होता,3.9,27.27,आधीच ड्रायव्हर आणि मग त्याच्या मालकाबरोबर झालेल्या वादामुळे अभिजीत वैतागला होता,27.27,आधीच ड्रायव्हर आणि मग त्याच्या मालकाबरोबर झालेल्या वादामुळे अभिजीत वैतागला होता,27.27
sample_00085,D:\marathi-asr\data\vistaar_benchmarks\indictts\marathi\wavs\train_marathifemale_01702.wav,"डोंगरावरची झाडं हसली, सळसळली.",डोंगरावरची झाड हसली सळ चाळली,14.81,75.0,डोंगरावरची झाड हसली सळ चाळली,14.81,75.0,डोंगरावर ची झाडं असली सयचाळली,18.52,100.0,डोंगरावर ची झाडं असली साळ चांगली,29.63,125.0,डोंगरावरची झाडं हसली सळसळली,0.0,डोंगरावरची झाडं हसली सळसळली,0.0
sample_00086,D:\marathi-asr\data\vistaar_benchmarks\indictts\marathi\wavs\train_marathifemale_04072.wav,मायबोली या संकेतस्थळाबद्दल माहितीमायबोली अवांतर नॉर्थ कॅरोलीना प्रतिसाद वासंतिक कल्लोळ एक,मायबोली या संखेतच फळाबद्दल माहिती मायबोली अवांतर नर् कॅरलीना प्रतिशात वासंटिक कल्लड येक,16.85,90.91,मायबोली या संखेतच फळाबद्दल माहिती मायबोली अवांतर नर् कॅरोलीना प्रतिशात वासंटिक कल्लड येक,15.73,81.82,मायबोली या संकेत फळा बद्दल माहिती मायबोली अंतर नर कारला प्रतिसाद वसंत कल येत,26.97,100.0,मायबोली या संकेत फळा बद्दल माहिती मायबोली अवांतर नर कारली ना प्रतिसाद वासंतिक कल येत,20.22,90.91,मायाबोली या संकेतस्थळाबद्दल माहिती मायाबोली अवांतर नॉर्थ कॅरोलिना प्रतिसाद वासंतीक कल्लोळ एक,45.45,मायबोली या संकेतस्थळाबद्दल माहिती मायबोली अवांतर नॉर्थ कॅरोलिना प्रतिसाद वासंतिक कल्लोळ एक,27.27
sample_00087,D:\marathi-asr\data\vistaar_benchmarks\indictts\marathi\wavs\train_marathifemale_02177.wav,पाण्याची सोय किल्ले माहुलीवर पहारेकर्यांच्या देवडांसमोर पाण्याचे टाके आहे.,हाचबुतरा आपल्याला रायगळावरील महाराजांच्या समाधेची आठमण करून देतो,71.23,100.0,हाचबुतरा आपल्याला रायगळावरील महाराजांच्या समाधेची आठमण करून देतो,71.23,100.0,हा मुद्रा आपल्याला रायगडावरील महाराजांच्या समाधीची आठवण करून देतो,72.6,100.0,हा गुरा आपल्याला रायगडा वरील महाराजांच्या समाधची आठवड करून देतो,75.34,111.11,हा चबुतरा आपल्याला रायगडावरील महाराजांच्या समाधीची आठवण करून देतो,100.0,हा चबूतरा आपल्याला रायगडावरील महाराजांच्या समाधीची आठवण करून देतो,100.0
sample_00088,D:\marathi-asr\data\vistaar_benchmarks\indictts\marathi\wavs\train_marathifemale_03561.wav,पण त्यासाठी नेमके कसले भिंग पाहिजे याचा अभ्यास करणे आवश्यक असते.,पणत्यासाठी नेमके कसले भिंग पाहिजे याचा अभ्यास करणे आवश्यक असते ?,1.59,18.18,पणत्यासाठी नेमके कसले भिंग पाहिजे याचा अभ्यास करणे आवश्यक असते ?,1.59,18.18,पण त्यासाठी नेमके कसले भिंगपाहिजे याचा अभ्यास करणे आवश्यक असते,1.59,18.18,पण त्यासाठी नेमके कसले भिंग पाहिजे याचा अभ्यास करणे आवश्यक असते,0.0,0.0,पण त्यासाठी नेमके कसले भिंग पाहिजे याचा अभ्यास करणे आवश्यक असते,0.0,पण त्यासाठी नेमके कसले भिंग पाहिजे याचा अभ्यास करणे आवश्यक असते,0.0
sample_00089,D:\marathi-asr\data\vistaar_benchmarks\indictts\marathi\wavs\train_marathimale_4838.wav,चांगल्या हेतूने होणा-या मैत्रीलाही परिस्थितीच्या नैसर्गिक मर्यादा असतात.,चांगल्य हे तूने होणा्या महित्रीलाही परिस्थितीच्या नैसर्गिक मर्यादा असतात,7.04,55.56,"चांगल्य हे तूने होणा⁇्या महित्रीलाही , परिस्थितीच्या नैसर्गिक मर्यादा असतात",8.45,55.56,चांगल्या हेतूने होणार्या महित्रीलाही परिस्थिती च्या नैसर्गिक मर्यादा असतात,7.04,44.44,चांगल्या हे तू ने होणार्या महत्री ला ही परिस्थिती च्या नैसर्गिक मर्यादा असतात,11.27,100.0,चांगल्या हेतूने होणाऱ्या मैत्रीलाही परिस्थितीच्या नैसर्गिक मर्यादा असतात,22.22,चांगल्या हेतूने होणा्या मैत्रीलाही परिस्थितीच्या नैसर्गिक मर्यादा असतात,22.22
sample_00090,D:\marathi-asr\data\vistaar_benchmarks\indictts\marathi\wavs\train_marathimale_0659.wav,मी माझे तोंड धूतले व स्वतःला थोडे फार सावरले.,मी माझे तोड थेतले वस्वतःला थोडे फार साबरले,11.36,55.56,मी माझे तोड थेतले वस्वतःला थोडे फार साबरले,11.36,55.56,मी माझे तोंड धुतले वस्वतःला थोडे फार सावध ले,9.09,55.56,मी माझे तोड धुतले व स्वत ला थोडे फार सावध ले,11.36,66.67,मी माझे तोंड धुतले व स्वतःला थोडे फार सावरले,11.11,मी माझे तोंड धुतले व स्वतला थोडेफार सावरले,44.44
sample_00091,D:\marathi-asr\data\vistaar_benchmarks\indictts\marathi\wavs\train_marathifemale_00538.wav,त्याचे आदरातिथ्य येथे न झाल्यामुळेच तो रागावला असेल.,त्याचे आधारातिथठेव येथे नस झाण्यामुळेच तोर गावला असेल,17.65,62.5,त्याचे आधारातिथेव येथे नस झाण्यामुळेच तोर गावला असेल,15.69,62.5,त्याचे आधारातिथेव येथे नो झाल्यामुळे तर गावला असेल,17.65,62.5,त्याचे आधाराति थे येथे नस झाल्यामुळे तर गावला असेल,19.61,75.0,त्याचे आदरातिथ्य येथे न झाल्यामुळेच तो रागावला असेल,0.0,त्याचे आदरातिथ्य येथे न झाल्यामुळेच तो रागावला असेल,0.0
sample_00092,D:\marathi-asr\data\vistaar_benchmarks\indictts\marathi\wavs\train_marathimale_0289.wav,"वामनाने त्रिविक्रम रूप घेऊन आकाशाला व्याप्त केले होते, त्याचे स्मरण म्हणून आकाशदीपम्हणजे आकाशकंदील लावतात.",वामनाने त्री विक्रम रूप घेऊून आकाशाला व्याप्त केले होते त्याचे स्मरण म्हणून आका शधीत म्हणजे आताश कंदील लावतात,8.65,57.14,वामनाने त्री विक्रम रूप घेऊन आकाशाला व्याप्त केले होते त्याचे स्मरण म्हणून आका शधीत म्हणजे आताश कंदील लावतात,7.69,50.0,वामनाने तरी विक्रमरूप घेऊन आकाशाला व्याप्तकेले होते त्याचे स्मरण म्हणून आकाशधीत म्हणजे आता कंदील लावतात,9.62,57.14,वामनाने तरी विक्र रूप घेऊन आकाशाला व्याप्त केले होते त्याचे स्मरण म्हणून आकाशधीत म्हणजे आता कंदील लावतात,8.65,42.86,वामनाने त्रिविक्रम रूप घेऊन आकाशाला व्याप्त केले होते त्याचे स्मरण म्हणून आकाशदीप म्हणजे आकाशकंदील लावतात,14.29,वामनाने त्रिविक्रम रूप घेऊन आकाशाला व्याप्त केले होते त्याचे स्मरण म्हणून आकाशदीप म्हणजे आकाशकंदील लावतात,14.29
sample_00093,D:\marathi-asr\data\vistaar_benchmarks\indictts\marathi\wavs\train_marathimale_3765.wav,मनाने त्याने तिन्ही लोकांची स्थिती अवलोकन केली.,मनाने त्याने तीनही लोकांची स्थिती आव लोकन केले,10.87,57.14,मनाने त्याने तीनही लोकांची स्थिती आव लोकन केले,10.87,57.14,म्हणे त्याने तीन ही लोकांची स्थिती अवलोकन केली,10.87,42.86,मनाने त्याने तीन ही लोकांची स्थिती अवलोकन केले,6.52,42.86,मनाने त्याने तिन्ही लोकांची स्थिती अवलोकन केली,0.0,मनाने त्याने तिन्ही लोकांची स्थिती अवलोकन केली,0.0
sample_00094,D:\marathi-asr\data\vistaar_benchmarks\indictts\marathi\wavs\train_marathifemale_02223.wav,त्यांच्या स्मृतीप्रित्यर्थ त्यांचे देखणे स्मारक पांडव लेण्याच्या पायथ्याशी उभारण्यात आले आहे.,त्याच्या स्मृतीप्रत्यर्थ त्यांचे देखणेस मार पांडवलेण्याच्या पायठ्याशी उभारण्यात आलेय आहे,8.7,72.73,त्यांच्या स्मृतीप्रत्यर्थ त्यांचे देखणेस मार पांडवलेण्याच्या पायठ्याशी उभारण्यात आले आहे,6.52,54.55,"त्यांच्या स्मृतीप्रत्यर्थ त्यांचे देणेसमार,पांडवलेण्याच्या पायथ्याशी उभारण्यात आले आहे",6.52,45.45,त्यांच्या स्मृती प्रत्यारथ त्यांचे देणेस मारक पांडवलेण्याच्या पायथ्याशी उभारण्यात आले आहे,8.7,54.55,त्यांच्या स्मृती प्रत्यर्थ त्यांचे देखणे स्मारक पांडव लेण्याच्या पायथ्याशी उभारण्यात आले आहे,18.18,त्यांच्या स्मृतिप्रित्यर्थ त्यांचे देखणे स्मारक पांडवलेण्याच्या पायथ्याशी उभारण्यात आले आहे,27.27
sample_00095,D:\marathi-asr\data\vistaar_benchmarks\indictts\marathi\wavs\train_marathimale_1006.wav,एकाच ठिकाणी तासंनतास बोलण्याची सवय लावली.,एकच ठिकाणी तासनतास बोलण्याची सवय लावले,7.5,50.0,एकच ठिकाणी तासनतास बोलण्याची सवय लावले,7.5,50.0,एकाच ठिकाणी ता सन तास बोलण्याची सवय लावली,7.5,50.0,एकच ठिकाणी ता सन तास बोलण्याची सवय लावली,10.0,66.67,एकाच ठिकाणी तासंतास बोलण्याची सवय लावली,16.67,एकाच ठिकाणी तासनतास बोलण्याची सवय लावली,16.67
sample_00096,D:\marathi-asr\data\vistaar_benchmarks\indictts\marathi\wavs\train_marathifemale_02164.wav,तो देवळात गेला तर त्याला मार मिळाला.,तो देवळात गेला तर त्याला मार मिळाला,0.0,0.0,तो देवळात गेला तर त्याला मार मिळाला,0.0,0.0,तो देवळात केला तर त्याला माल मिळाला,5.71,28.57,तो देवळात केला तर त्याला माल मिळाला,5.71,28.57,तो देवळात गेला तर त्याला मार मिळाला,0.0,तो देवळात गेला तर त्याला मार मिळाला,0.0
sample_00097,D:\marathi-asr\data\vistaar_benchmarks\indictts\marathi\wavs\train_marathimale_2149.wav,ग्लायडरसारख्या दिसणाऱ्या हलक्‍या विमानातून त्यांनी सात मार्चला लंडनच्या विमानतळावरून उड्डाण केले.,ग्लायडर सारख्या देशणा्या हालक्या विमानातून त्यानी सात मार्चला लंडंच्या विमाणतळावरून उपदाण केले,12.5,72.73,ग्लायडर सारख्या देशणा⁇्या हालक्या विमानातून त्यानी सात मार्चला लंडंच्या विमाणतळावरून उपदाण केले,12.5,72.73,ग्लायडर सारख्या देशणा⁇्या हलक्या विमानातून त्यानी सात मार्च ला लंडनच्या विमानतळावरून उडाण केले,9.38,72.73,ग्लायडर सारख्या देशणा⁇्या हलक्या विमानातून त्यानी सात मार्च ला लंडनच्या विमा तळावरून उबदाण केले,11.46,90.91,ग्लायडरसारख्या दिसणाऱ्या हलक्या विमानातून त्यांनी सात मार्चला लंडनच्या विमानतळावरून उड्डाण केले,9.09,ग्लायडरसारख्या दिसणा्या हलक्या विमानातून त्यांनी सात मार्चला लंडनच्या विमानतळावरन उड्डाण केले,27.27
sample_00098,D:\marathi-asr\data\vistaar_benchmarks\indictts\marathi\wavs\train_marathifemale_03220.wav,ऊर्जा निर्मितीच्या बाबतीत हायड्रोजन सर्वात कार्यक्षम इंधन ठरते.,उर्ज निर्मितीच्या बाबतीत हायड्रोजन सर्वात कार्यक्षम इं्धन ठरत,6.45,37.5,उर्ज निर्मितीच्या बाबतीत हायड्रोजन सर्वात कार्यक्षम इं्धन ठरत,6.45,37.5,उर्जा निर्मितीच्या बाबतीत हायड्रोजन सर्वात कार्यक्षम इंधन ठरता,3.23,25.0,उर्जा निर्मितीच्या बाबतीत हायड्रोजन सर्वात कार्यक्षम इंधन ठरता,3.23,25.0,ऊर्जानिर्मितीच्या बाबतीत हायड्रोजन सर्वात कार्यक्षम इंधन ठरते,25.0,ऊर्जानिर्मितीच्या बाबतीत हायड्रोजन सर्वात कार्यक्षम इंधन ठरते,25.0
sample_00099,D:\marathi-asr\data\vistaar_benchmarks\indictts\marathi\wavs\train_marathimale_4013.wav,"त्याची पिशवी त्याने लांबविली, परंतु खून पचवायचा कसा?",त्याचे पिशवी त्याने लांबवली पर्ंतूखून पचवायचा असा,12.0,62.5,त्याचे पिशवी त्याने लांबवली पर्ंतूखून पाचवायचा असा,14.0,75.0,त्याची पिशवी त्याने लांबवले परंतु खून पचवायचा कसा,4.0,12.5,त्याचे पिशवी त्याने लांबवली परंतु खून पाचवायचा आसा,8.0,50.0,त्याची पिशवी त्याने लांबवली परंतु खून पचवायचा कसा,12.5,त्याची पिशवी त्याने लांबवली परंतु खून पचवायचा कसा,12.5
