model_name,batch_size,mean_batch_time_ms,audio_hours_per_min,utts_per_sec,rtf,peak_vram_mb,status
Our Model (MoE Conformer),1,78.33,1.06,12.77,0.0157,193.44,OK
Our Model (MoE Conformer),4,84.33,3.95,47.43,0.0042,262.34,OK
Our Model (MoE Conformer),8,88.91,7.5,89.98,0.0022,351.45,OK
Our Model (MoE Conformer),16,75.74,17.6,211.25,0.0009,533.76,OK
Our Model (MoE Conformer),32,84.78,31.46,377.47,0.0005,892.07,OK
Our Model (MoE Conformer),64,115.15,46.31,555.77,0.0004,1614.45,OK
SraVaani 1.0 (ARTPARK-IISc),1,119.97,0.72,8.34,0.0233,1796.4,OK
SraVaani 1.0 (ARTPARK-IISc),4,5565.61,0.06,0.72,0.2902,1852.91,OK
SraVaani 1.0 (ARTPARK-IISc),8,6765.12,0.11,1.18,0.1518,1995.05,OK
SraVaani 1.0 (ARTPARK-IISc),16,2811.62,0.54,5.69,0.0311,2227.71,OK
SraVaani 1.0 (ARTPARK-IISc),32,2565.27,1.11,12.47,0.015,2690.23,OK
