step,timestamp,ctc_loss,cer,grad_norm,throughput_aud_s_per_s,lr
1,1790561354.7339823,1.4617,0.33,0.0,52.2,0.0
25,1790561421.805632,1.1661,0.1956,0.0,524.7,1.8e-06
50,1790561497.4042032,1.1171,0.1846,1.654,536.7,3.75e-06
75,1790561564.3801956,1.0168,0.1744,0.0,852.4,5.55e-06
100,1790561627.8001268,0.9376,0.1928,0.764,951.2,7.5e-06
125,1790561687.9209163,0.9596,0.378,0.0,475.8,9.3e-06
150,1790561743.8772526,0.8256,0.1982,0.801,785.9,1.125e-05
175,1790561798.4649813,0.8716,0.2182,0.0,789.4,1.305e-05
200,1790561856.092028,0.8094,0.2311,0.661,182.7,1.5e-05
225,1790561907.3419142,0.8028,0.2582,0.0,286.5,1.6800000000000002e-05
250,1790561954.8424559,1.0003,0.4293,0.789,590.6,1.8750000000000002e-05
275,1790562002.1631203,0.9158,0.3381,0.0,916.9,2.055e-05
300,1790562051.5894632,0.7842,0.1861,0.81,177.4,2.25e-05
325,1790562095.9513907,0.7435,0.3664,0.0,258.6,2.43e-05
350,1790562143.4207103,0.8958,0.2445,1.046,509.9,2.625e-05
375,1790562188.2176592,0.7948,0.2524,0.0,915.6,2.805e-05
400,1790562235.3615627,0.7987,0.2136,0.639,164.3,3e-05
425,1790562277.578549,0.8433,0.4589,0.0,524.7,2.999988901333186e-05
450,1790562320.6880467,0.9175,0.3552,0.995,719.1,2.9999518289014894e-05
475,1790562363.8777785,0.8574,0.2964,0.0,926.3,2.9998944866981e-05
500,1790562407.5397906,0.8279,0.3812,0.915,653.9,2.999807318699897e-05
525,1790562457.2224178,0.8437,0.365,0.0,469.0,2.9997037366429145e-05
550,1790562501.098859,0.8482,0.1857,0.891,603.8,2.999566478676843e-05
575,1790562545.928657,0.834,0.2604,0.0,565.8,2.99941666341915e-05
600,1790562590.609529,0.8297,0.16,0.531,161.7,2.999229324301032e-05
